秒針を噛む,脳裏上のクラッカー,ヒューマノイド,サターン,雲丹と栗,君がいて水になる,眩しいDNAだけ,正義,勘冴えて悔しいわ,またね幻,マイノリティ脈絡,彷徨い酔い温度,蹴っ飛ばした毛布,こんなこと騒動,ハゼ馳せる果てるまで,優しくLAST SMILE,グラスとラムレーズン,Dear Mr.「F」,居眠り遠征隊,お勉強しといてよ,MILABO,低血ボルト,マリンブルーの庭園,JK BOMBER,Ham,勘ぐれい,正しくなれない,暗く黒く,過眠,奥底に眠るルーツ,はゔぁ,胸の煙,繰り返す収穫,ろんりねす,機械油,あいつら全員同窓会,ばかじゃないのに,猫リセット,袖のキルト,違う曲にしようよ,夜中のキスミ,ミラーチューン,消えてしまいそうです,夏枯れ,残機,綺羅キラー,不法侵入,花一匁,上辺の私自身なんだよ,馴れ合いサーブ,嘘じゃない,Blues in the Closet,海馬成長痛,TAIDADA,虚仮にしてくれ,クズリ念,シェードの埃は延長,微熱魔,クリームで会いにいけますか？,形
潜潜話,潜潜話,潜潜話,-,-,-,潜潜話,潜潜話,潜潜話,-,-,-,潜潜話,潜潜話,潜潜話,潜潜話,潜潜話,潜潜話,潜潜話,ぐされ,ぐされ,ぐされ,-,-,ぐされ,ぐされ,ぐされ,ぐされ,ぐされ,ぐされ,ぐされ,ぐされ,ぐされ,ぐされ,ぐされ,沈香学,沈香学,沈香学,沈香学,-,-,沈香学,沈香学,沈香学,沈香学,沈香学,沈香学,沈香学,沈香学,沈香学,-,-,-,-,-,-,-,-,-,-
正しい偽りからの起床,正しい偽りからの起床,正しい偽りからの起床,正しい偽りからの起床,正しい偽りからの起床,正しい偽りからの起床,今は今で誓いは笑みで,今は今で誓いは笑みで,今は今で誓いは笑みで,今は今で誓いは笑みで,今は今で誓いは笑みで,今は今で誓いは笑みで,-,-,-,-,-,-,-,朗らかな皮膚とて不服,朗らかな皮膚とて不服,朗らかな皮膚とて不服,朗らかな皮膚とて不服,朗らかな皮膚とて不服,朗らかな皮膚とて不服,-,-,-,-,-,-,-,-,-,-,伸び仕草懲りて暇乞い,伸び仕草懲りて暇乞い,伸び仕草懲りて暇乞い,伸び仕草懲りて暇乞い,伸び仕草懲りて暇乞い,伸び仕草懲りて暇乞い,-,-,-,-,-,-,-,-,-,虚仮の一念海馬に託す,虚仮の一念海馬に託す,虚仮の一念海馬に託す,虚仮の一念海馬に託す,虚仮の一念海馬に託す,虚仮の一念海馬に託す,？？？,？？？,？？？,？？？
GJI4Gv7NbmE,3iAXclHlTTg,GAB26GgJ8V8,Ni5jPjvGxtw,OtF5VtmhjnQ,8jZ8Plz_SSM,VJy8qZ77bpE,7kUbX4DoZoc,4QePrv24TBU,6PpOOKEGX-4,v43Ke1W7zb4,SPam1BBKUjQ,iyCRK5WfFOI,mlA-Z7zSLHU,ElnxZtiBDvs,00GDulz0q8w,8FH4cBJ1y-E,Qw-FSw7d2zE,n5xGJHErs_A,Atvsg_zogxo,I88PrE-KUPk,7QApdVxs3Zo,CBJ8Fre_SRk,g3N3czs2U9s,ouLndhBRL4w,ugpywe34_30,258qUAI7rck,dcOwj-QE_ZE,4tDBohUTYAk,o7jp25p-ZWU,Ws4OaBFAa_s,wQPgM-9LatM,AIB36neGqt4,h5CpUsC3Xi8,_JdiIp92rYk,ZUwaudw8ht0,YgmFIVOR1-I,Sfz5TpCRSiI,9PnCSI8ndws,YCn_pu5E1kI,zruIvqmwSIs,BVvvUGP0MFw,OxcnK1s2Fww,Nmemc-b6cdU,6OC92oxs4gA,e5LaKxJVeVI,SAdkxVFyAyc,H88kps8X4Mk,GiRlt2bbEjQ,bIW0n36TUSQ,GfDXqY-V0EY,E8RMWLoAsa0,PLG2Uexyi9s,IeyCdm9WwXM,QVeAdBHkhD8,ut889MZ9yNo,zjEMFuj23B4,plpVOHqh3lA,JQ2913bVo30,6eFajRiOrpY
ACAね,ACAね,ACAね,ACAね,ACAね,ACAね,ACAね,ACAね,ACAね,ACAね,ACAね,ACAね,ACAね,ACAね,ACAね,ACAね,ACAね,ACAね,ACAね,ACAね,ACAね,ACAね,ACAね,ACAね,ACAね,ACAね,ACAね,ACAね,ACAね,ACAね,ACAね,ACAね,ACAね,ACAね,ACAね,ACAね,ACAね,ACAね,ACAね,ACAね,ACAね,ACAね,ACAね,ACAね,ACAね,ACAね，森カリオペ,ACAね,ACAね,ACAね,ACAね,ACAね,ACAね,ACAね,ACAね,ACAね,ACAね,ACAね,ACAね,ACAね,ACAね
ACAね，ぬゆり,ACAね,ACAね,ACAね,ACAね,ACAね,ACAね,ACAね,ACAね,ACAね,ACAね,ACAね,ACAね,ACAね,ACAね,ACAね,ACAね,ACAね,ACAね,ACAね,ACAね,ACAね,ACAね,ACAね,ACAね,ACAね,ACAね,ACAね,ACAね,ACAね,ACAね,ACAね,ACAね,ACAね,ACAね,ACAね,ACAね,ACAね,ACAね,ACAね,ACAね,ACAね,ACAね,ACAね,ACAね,ACAね,ACAね,ACAね,ACAね,ACAね,ACAね,ACAね,ACAね,ACAね,ACAね,ACAね,ACAね,ACAね,ACAね,ACAね
,,,,,,,,,,,,,,,,,,,,,,,,,,,,,,,,,,,,,,,,,,,,,,,,,,,,,,,,,,,
,,,,,,,,,,,,,,,,,,,,,,,,,,,,,,,,,,,,,,,,,,,,,,,,,,,,,,,,,,,
生活の偽造 いつも通り 通り過ぎて,包帯みたいにぐるぐる巻かれて,レイラサイダ サブアッタッシャル,私といるより楽しまないで,赤血球みたいな 白玉半分が欠けた,はみ出してた淡い紺色がずっと,工場の煙で止まりますのボタン,つま先だって わからないのさ,「君のことじゃないよ」　気のせいにしたいよ,見たくもないよ　並ぶ残像,実は僕は　こう見えて強引に,夢かな　酔っ払った屋台に,要らないよ 食べかけの借りた映画も,集まって話し合って,曖昧な解決 どう踠いても,ねぇ　いつ会えるの？　なんでよ,あ？　は？　あー。、,追いかけて みたけれど,しゃっくりの応援団　涙の運動会,質のいい病み感情が 溢れた時の,BOW,弱気になる最寄の雨,高鳴る夜は眠れない,剥がしたくなるネイル,おはよう　おつかれ　今日電話していい？,例えばの話だけしてた,正しくなれない　霧が毒をみた,触れたくて　震えてく声が,冴えすぎるままに,僕の奥底に眠るルーツ見せびらかし隊,この世でも　馴染めるのかな　はゔぁ,もう若干ジェラ付き,大切が　隠され見えない,からからと回した氷だけで,こんにちはー,思い通りに 起きれない,これは　二十歳じゃない,始める数秒前のメンテ,全部　逃げ出しちゃってもいいけど,愛想尽かした　既読試合いのspace,知らないままで　いたいけど,3，2，1 mirror tune～,助けたい表面　寂しさが少年,木目に沿うように　並んで眠る夜,しょっぱいぜ　初めて嗅いで舐めた出会い,周りに合わせる言語も知らねえ,戻れない僕の　耳にピリオド,ずっと真夜中でいいのにって溢した午前5時。,天井に　ふやけてまた,不貞腐れたほうが勝ち？,嘘じゃない 嗚呼 初めましての曲を,心にもない形,寝溜めしたって 意味ないの知ってる,割り切る前に黙った,はやく伝えよう痕跡見つかる前に,心臓こじ開けて さらっと食べて,吐き出せないまま 消えてった,はるか先の想像力くれた,クリームで会いにいけますか,しみになるの
1回言った「わかった。」戻らない,脊髄反射で君に触れたって,マラハバ マッサラーマ マダ,心に傷を負った君がいい,十五夜お月様 丸まってみたって僕は見てもらえないの,僕らの時間を解決させずに 砂を払ったりした,知らない所に降りたった途端,そっと芽を合わして仕舞えば,ばれたって誤魔化すの　相手にしないで,青く光るから目を塞いだ,ビリビリに包装紙　破ける,悲しいまつげと影　ふわっと踊ってる,忘れたいよ 自分のものでしかない約束も,合わせ合う為の相槌 いつまで,単純問題解答ならば,遅刻してばっかり,,目を見開いて 逃げていった,食べ残したお弁当　まだ捨てナイで,しょうがないって言葉は 照れくさい,,日々飛び散る血を滲ませてく,会いたいを認めざるを得ない,どの本音も散らばら,まだ序の口？　早く目覚めないかな,これまでの夢語ってた,片っ端から確かめたくて,勘違いしては　自分になっていく,不一致が　流れてく,とりあえずでいいの生きた証残し隊,,指の中　生乾きsmoky cloudy,言葉は　当てにならない,落ち着いてきたの　ほら,朝会サボって登場,急いで飲み込む 納豆巻き,作業着　剥ぎ取っても,頭は重いし 毛は逆立った,今日も机で　おでこ冷ましてる,回ってんの？　ねぇもう違う曲にしようよ,ネオンな　ジャングルの向こう,,始めからここに浸ってしまうから,思い出なんかじゃ　片付かない程,自暴自棄です　平均的な正論が貧乏,守備力は弱いけど勘は鋭,だらしなくなる　君の触る音には,目に見えてんのは 波形だけです 腐れたデモベース,消えたらどうなるのか,誰とでもダンス　踊っちゃう感じ,今もまだ 思い返します,どうしようもない風に吹かれればただ,ぼーっと他人のダンス スクロール人生,傷つく前に笑った,わかっているのに喉の奥が怖気付く,何も感じない,溶けてった それでよかった,夢を見てしまうな,C.R.E.A.M  I’m Creamy,私の涙を吸うTシャツ
確信犯でしょ？ 夕食中に泣いた後,もう終わりがみえてしまうから,レイラサイダ サブアッタッシャル,不安にさせるの得意だよね,近づけば近づくほど 当たり前に変わる魔法,考えとか捉え方も知らないや,ミルクとコンクリートで出来た猫が,仕舞うほど花びら散って,背の順あいうえお　並びたくもないよ,心と体　行き違いで,切らした無添加の味噌　選んで,忙しない　かげろう畑は,求めすぎた 勇気なんて捨てたいや,ここの正確に沿って,表 裏 使い切って,目が大きい瞼　重いんだよ,誓いに頼れない,緑色 囲まれた,地下の階段TAMURO　嫌いの共感会議,想像力が無限大・魅力的なので,バレたくはないから 歌わないけど,権利を武器に変えて争うほど,涙にちゃんと意味はない,この世は言い切れぬが,君の鼓動で飛び上がる　この体にも,煮えたかどうだか,考え続けたい,成りたくて　鳴らせないが息絶えても,所詮は　皮膚を,いつの間にか,目覚めた瞬間眩しいな,縺れていって　大好き,かもしれない,すぐ　二人ぼっち,型破りな誤解に同情,当たり障りのない 儀式みたいな,まだ　お線香の匂い　床に寝そべってた,どうしてもチグハグだった からだは,手提げ袋の中の　遺伝子と,根も歯もない4beat発言,あなたの帰りを　いつまでも,抗い競り合い負けないよう,片手間だって　わかったから,君の相槌が　妙に嬉しくて,いらっしゃいませ　ニンニク増しで目指した健康体,一旦進められたら止まれ,意味がある　そう思いたくて,偶然⇄必然の工作 朝靄は4シーズン,散々巡らせては,脆いスナック菓子みたいな,我侭な合言葉 '' 口ずさむ習慣なんです,本当になくてはないもの,機嫌取って礼典 変わり映えない失点,頷く前に地団駄,罪は冷たくここに留まるんだよ,雨の中 ずっと煮込んでも,吐き出さないまま 消えてって お願い,春はルピナスの花を覚えた,,嫌なものだけをぼかす技術
君は笑ってた,なんにも解けなかった,マラハバ マッサラーマ マダ,口下手な好きが欲しいの,君との距離を保つため 守るために僕は戦うんだ,朝に齧った憂いで 記憶を眠らせたくて,私の毒をみて鳴いてくれた,ただ体育座りして 抗ってる君と並んで,もういっそ　お目出度い　一人を竹刀で,何にも受け止めきれなかった,朝ごはんの支度で忙しい,誰も思い出せぬような　問いが揺れてるから,待ちくたびれた 久しぶりだねって言えた覚悟,どこの性格が体に いいんだろう,遠ざかる練習 繰り返すの,損をしてばっかで,その場限りシェア次第,この空間から はみ出したら負けだ,何も言わなくても　ただ　頷いて,意味わかんない言葉にも 期待していい,想ってないとかじゃないの,心を失うこと受け入れる,ジュエリーを着飾るアリスも　笑ってる,きつく締め付けられてくfingerわいやー,慣れてきたから,齧る度に嘘ついた,偽りで出会えた　僕らは何一つも,確かめるまで　終わらせないで,懲らしめ　不覚まで,苦手なもんばっかはっきりしてくように,先手号泣必死に演技,口の中　仲直りpinkie promise,雨を吸う地面や,指で溶かし合えたならいいのに。,いえーい　共感できたらいい,お世話になってます,一丁前に回り回る　扇風機に嘆いてた,どうやって 狩場へ繰り出そうか,折れ曲がった漫画、僕のだ,秘密のbad boy　怒んないで,,知識が僕を震わせる,痒いもんね　体育座り本音,,腹歌満たしてる,いったん木綿みたいに,そう知らせてほしくて,痛み止め用の曲 作っときたい,タッパー入った　食べかけを喰らう,噛み砕いて　無くなれ,,"""きっとここになけりゃないよ""",怠惰くるまって 論理集中プレイゲーム,流される前に辞めたんだ,優しく触って呼吸ができてるけど,まずいものは 不味い,吐き出せないまま 消えてった,気づいてくれる,カスタードクリーム ハンドクリーム,そんなこといつからできるように
,どうにも答えられなかった,,こなれないで こわしてみてよ,,,買い物袋から はみ出たネギに,手を振る今日は 僕と君に近づきたいから,誰かといないと　避難場所はないよ,「約束は　もういい」と嘆く,かっこつける　君の日々の文脈も,,どうか思い出になんかしないで,気の抜けた中華街を,,,グラスとラムレーズン,あの風車の 下でさ,元気のナイ号令　居眠り遠征帰り,,いつも御別ればかり 考える人生も,,お喋りして　噴水の周りで　みんな踊ってる　まだ,痛みに耐えてく下落げら,,これで終わらせたくて,奪われてないから,,,好きなものが選ばれてく今は嫌いじゃない,誰かみたいに誰かのせい,,枝に実る雪が　落ちる,今はね　ただ懐かしくて,違うは違うでそれで良いーー,手帳開くと もう過去,ふと　会えない人を　思い浮かべてた,自分の存在定期的に,勝手に一人　担ったし,こんなに妬いてるんだっけ,じんわり頬を蒸らす　屋台の蒸籠,葛藤リピートしている,畳の香ばしい匂いが痛くする,忘れらんない　夕日が,優等生　無知なフリして踊っちゃって,曲がれまだ上 ゆらゆら揺らして,,,デジャヴで　最も沈む夜,,空想のずる休み,臆病な会話が天才,,お守りみたいな,君の血の噴き出る音が好きでした,,溶けてった それでよかった,気まず,何色浮かぶ？,なってしまったの
「私もそうだよ。」って 偽りの気持ち合算して,接点ばかり探してた,立ちはだかるボスをまだ 起こさずに,,楽しいほど 魔の攻撃が押し寄せたら,どこかにゆくのか 留まる勇気が,ポイ捨てされた銀色のトレーナーに,,ミラクルな目を　まだ逸らせはしないで,溢れる前に雲を見ていた,可愛がれてしまう日々は,誰かは　滝のように笑えば,,涼しげに 意味 淀んだ挨拶だけ,会いたいは有限 壊さないように,いつだって　バイクに乗って　行きたいんだ,躱すタイプのあの子に,待ち合わせしよって 約束した,練習試合 1つも勝てナイし,昨日の思い出 お洗濯したって 相変わらず,積極的に嬉しいから,覚悟なら 自然に,,口にアクセサリー　シルバーに皮膚,一言目はきっと　久しぶり,,,ただ黙っていた,この図解まで　時が　裂かれても,,お祝いごっこの僕,どうして　予定調和に過ぎない無意味たち,話せるのは　それくらい,寂しさが　心地いい,君の思い通りの人でいること,先輩に追い越せない 論破と,,猫リセットできたら潔いのにな,隠れ敬語が　日課になったし,ライチ味の匂いを,頑張りすぎるのは　やめて,もっと教えてくれ,もう　ひとけのない部屋,君にとって　も同じ想いだってきっと,欠点です　現状把握しちゃうから中断中,すぐとらぶるぜ 過呼吸(ブレス)と心得,見つめ合える度に　疑問を込めて,ルーティンから もう抜け出せない,いつでも帰っていいって　ゆうけど,名前出さないのに　ちゃっちい,身動きとれない 不登校な日常は,安心な体温をちょうだい,shiney likea gingerエール込みで 酩酊,ごく僅かな共通点の,時折透ける無邪気さが突き刺すんだ,世の中の意図・書が全部,吐き出さないまま 消えてって お願い,,言葉のイメージが 挨拶する？,
吐いて 黙って ずっと溜まってく,,崩れてく 摩天楼を眺め,肝心なタイトルも 思い出せないまま,僕が食べてあげるから,試されてるのか 疑うことで信じたい,スカスカでとろい脳みそを,赤い瞳が ぼやける音,あたしを嫌う鳥の　笑い声を消そうよ,君のその癖は　いつからだろう,きっと　父さんも　姉ちゃんも　誰も,頼りに堅い志は　距離も煮詰める,蹴っ飛ばした毛布,なるべく音を消して,確かめてしまう癖を,寄り添って　手を繋いで　引きたいんだ,耳障りだと言われた鼻歌,僕の足音 だけが虚しく リズムをとってた,朝練してばっか　仲間のドクロ,乾かないや 寒がりな季節に,,誰かの為に引き換えに手放せば,期待に応えるだけ,頸にビス　残り香を吸って,それしか言えない　それすら出てこない,草を毟り水をやり,僕ら育ってゆくみたい　愛されるみたい,想ってるほど　堪えられた,特権は　幾度になく　哀愁にもなれる？,またどうにかヒトに会いたい,善人ぶって全放置,君は知ってる。,実際に触れた　縁だけ,,求めるの超失礼だもの,明る日も来る日も 道草食って帰るが贅沢,急な矛盾が　飼い慣らせない,信じても 自信が弱った,気が合うと思ってた　今日でも,熱っぽい味の答えを,生きる為には　もう隠れ問題児でも..,有耶無耶な未知数,,幻みたいな偶然を　探しまわった夏,もう譲渡　見せびらかし合いましょ劣等感妄,って原罪人生 盾と矛で 葛藤の活動がマスト,ただ違うなら　わかりやすく教えて？,辞めたい辞められない 苦しいほど,,真似っこ正論　オリジナル定義,比べようもなく 浸る刹那に 価値あり,稀有な存在がこんなに日々,踊(ダンス)っちまう絶頂 返事 オン ザ ホリック,端くれだけ握りしめて,ふつうの暮らしを夢見たせいだからかな,響くとは限らないこと わかるよもう,,冬は形あるもの煮込んだ,初めましての色が あることを,わがままな髪
何が何でも 面と向かって「さよなら」,新しい通知だけさばいて,砂ぼこりは今日も 君の頬 汚してる,何回も回したレコード 積み重なっては隠した,,踊りはしないさ 音も無くなれば,不安で満たしても腹減るよ,耳障りな声で 君と歌うけれど,端ないほど集中力が,報われない遡り　終えたいだけなのに,何も知り得ない,だらしない　汗のかいた　ラムネが,気配を探してる癖がついて,まるで 何かから逃げるみたいに,嫌がらないで もう助けてよ,,泣き口歳る白虎隊,,何も言わなくても　ただ隣　来て,ぁ～勿体ぶっていいから このまんま,会えばきっと足りなくて,今自分が,先に信じ切って　折れた根を,知らぬ間に　重なった厚みに,夢で出会えた翌朝は　息が痛いよ,鉛を炒め生きてる,暖かな波を読む,冷え切った視界で　今日を燃やしてく,不手際な暮らし関係　怯まず齧ってく,返事あってください,馬鹿なふりして住み放題,こうして　指に触れては　よじれてく熱も,,ブランケットに包まって,うちらの解釈で弁解,,誰のせいって　わけじゃない,お使い業務定期 履歴の交渉,気まずくなるんだな,,鼻に触れた御札　あなた以外　ノー..ノー..,戦ってくもの,スーパーの曲がり角　歩いた,今日で　終わってしまうなら,変えられゃしないってわかってるからぁ？,,それとなく　寂しさ凌ぎ？なら,ご機嫌なんて伺って ばかじゃない？,どこにも行けない地雷なんて,ウケる　脳内環境停止,君が寝てる時間 私は冴えてる,秋どなりのタ映え眺めて,街灯の明かり 照らして my pain,,温かいほど衝動抑えられない,でも褒められるために目指す,聞こえない また隅で塞ぐだけ,廊下は冷たいのがいい,先に面白がるんだい,繋ぎ止めていい
する資格もないまま 僕は,優先順位がカポ１ばっかで,躊躇いもなく あゝ,今日だって真っ白な地球 目を瞑ったけど,傷つけっぱなし 気づけない時もある,手放せた 借りパクしてた 夜弦の月も,,深い昼寝の温度に慣れてくの？,,,邪に　はみ出した純粋から,太鼓の音に仕向けられて　ぽっかり二番手さ,温もり飛んでった 冷え切ったパンの耳 齧ってても,,また スパイラルに絡まる,くれたお菓子は　誰よりも,黄ばんでないレコードには,暗い 幽い 森の中,,焼き焼きだ 押し潰される無敵め,会話の切れ端まで 歌詞で覚えるの,生きてゆく意味になれてゆくの,リハビリしてよ,びびっても　今更壊せなくて,あざになるくらい,後悔,今日を　今を選ぶ　澄んだ朝色,,,鈍くなった感情,誰も悪くない事ばかり,,気持ちを委ねても,もう寒いとか忘れてたけど,01君なりの正解,もうダンスダンスダンス 誰も気づいてない,色の濃い野菜ばっかり　湯掻いてた,,,あの時、妙に,,いつからだろう独壇,秘密のはなし　そんな帰り道が,君に会えた　それだけで　ただ,,締め切られなきゃ言葉が増殖,早めに覚まして,僕が作るものは 既にあるものじゃーーん,今更　触れられないよね,荒めのギターで　掻き消したいや,会いたいの擦り合わせ,おろおろと出るだけの涙は,誰かのハッピー 祝ってる 僻んで,今日摂取した夕食も,,晴れも いいんでしょう,蜘蛛の巣の 狭間で立ち尽くす裸足,明日の予定を共に立てた,,縛りつけていい
,きっと君を見捨てられないから,そばにいたい訳を 記すなら,知りたくない あの子と彼との空間中継,落し物なら僕が届けにゆくから,,普段通りの段取り 熟して小慣れて,飛び跳ねた笑みだけ 間違いそうもなくて,着いた　吐いた　ツイッター呟く　7個目の方で,項垂(うなだ)れたいよ,,,傷つくことでしか 自分を保てないのは嫌だよ,遮られてくみたい,,多くカバンに入れた　得をしたいから,カラメルで色をつけて抱きしめた,取り残された感覚 思い出した,質問攻めして　わざと負けてみたって,褒めあいライム・合図 変わらず,向いてくる,,嘘は　はじめましてだけで,ソバじゅった複雑本心,,それどころじゃない,尋ねる声で何度でも,未読にした　美学でよかった,覚えてる身の五線譜に,酸っぱい痛みで全身,誰も得しない物語り,確かに　きっと不確かに,落ち込むのも,言葉は添えるだけ　朝まで,,ジェメオスよりも ゆうもわな落書きに,鮮やかな仕草に　混ざりたいのに,波形を見つめてるだけで過ぎてく 歩道橋の匂い,具体的になると　話せない　積み重ならない,包まる君との、距離,夜中のキスミ,思いやりよりずる賢さなんて,恋しくなってしまうから,泣きそうで　訊けなくて,直感で自己中な理解不能プレイヤ,No thoughts， head empty 虚無で円陣,,,紛い物が心地いい　なんて,,被らない習慣ばかり 数えるのやめよ,限りなくほんとのきもち,,昼休みを覆う仕草も,こんなに名前を読んだり,,わたしがわからない,汗が混み合ってしまう,ハテナ以前の否定って なんか不自然,跡が消えないのに
灰に潜り 秒針を噛み,理由も知らないまま,都合のいい 名前を付けるが,目に焼き付いてる,謙虚に健康に真夜中をむかえたら,気配だけで超えられるから,繰り返して演じるほど,,ATP上手に受け渡す日々だけ,隠す意味ないほど,消え去りたいね,わからないままで　いるから,,深い緑の海に潜んで 真っ直ぐでいても,もう 君どころじゃないよ,とったの　バレちゃうかなって,,きみ無しじゃ 生きていけないって,何してるのかって　自分でもわからなくて,乾かないや 強がりな季節に,引っ付く横長の目 鬱陶しいけど,怖がることはもういーかい,不気味な　瞳に触れただけで,コラジュっても解決じゃない,なんであの時　身を引いた君を,焦りを糧に目覚める,,だいじょばないって言えた程,砕け散っても　びくともしない,染み込みたい,仕方ないじゃないかな,すぐ乱れていった,調味料だけど,明日からの二人を考えたくはない,yeo室外機扇風機洗濯機,もうステイステイ捨てる 下積み正義,声があるのに　いつもどうして,きっとやつにはわからないからこそ 価値がある,石碑みたいに　突っ立ってたけど　予測癖みたい,想いが頷かないように,二つのミステイク,品がないし,願うもんね　夢なんかじゃなくて,繰返し笑い合うんだ　居たくなる旅,求められたなら惨事会,Brought to you in chaos and serenity,指で繋げるほどの木星,何か出来そうな夜更かし,上辺の私自身なんだよ,適当ラリー　やりとりが,,ちゃんと残ってしまってる苦り,焦りが はみ出した,知りたい欲求ぶらさがって,振り向いたりしちゃだめだよ,没頭して,変わらない？容易くは放てない？,,ナンセンスな お返事が 衝撃でも,離れられない
白昼夢の中で ガンガン砕いた,幸福を願っているふりする係だから,属することないよ  前提が いないから,相槌を覚えたせいで そらした気温とか,時間が無限に存在するような感覚,柵や秩序の甘えは 君がいて水になる,遠ざかるみたい 茹で上がってない,ただ 思い出して 終わらないで,,誰でもいいよ　壊す勇気も知らないで,捏ねくり回して塞いだって　もうっ,確かめもしないで　全てにしないで,ずっと解決が 答えじゃないことが,今は その視界が居場所でも,春も消毒も 終わらせたいから,胸の鼓動　抑え　睨むあなたに,嫌われた癖は歌わせるように,依存しそう で厄介さ,辞りたいことだって　辞めたいことだって,ぁ～勿体ぶっていいから 孤のまんま,逃げる準備に疲れたわ,惑わされてくなら,確信に逢えたから,サバくって口口に　彷徨って,受け止めたふりで　疑わなかったの,,僕ら嘘つきだね、両想いだね,些細な痛み　割り切ったけど,原型のない　虚しさが,,,報われた　大袈裟なくらいじゃ,覆い尽くされた　無理は,ブランケットに包まって,徐々に折れない諦めない,嫌味に費やすほど 人生長くないの,,カートの中眠る 4，5千円のヘッドフォン,ただ続けたかっただけなのに。,肝心なとこで冷たいから,あなたの　メッセージを,うんと　やり切れない場面で,君の合図　歩き方で気づくよ,,くだらん口喧嘩でマシになんだ,やめたいことをやらなきゃ満たされない僕,ぶらさげても徐々に熟れてって,成仏させたし,,唯一の居場所感で,私のヒビと君の日々を,大人になったら美味しく食べれるから,かと言って 日差しが眩しいほど,偶像の中で探してたんだ,僕は僕を虚仮にしてくれとそう願うんだ,ちっちゃい悪魔になれたら楽です 頑張ろ,絡み付いた先に 何もないくせに,解釈違いの以心伝心,大丈夫 廃棄しない生スクリーム,選ばなくていい
でも壊れない 止まってくれない,,瞼も使わず,終わりを告げてくデータと,,色のない輝きを追うばかり,肌に泡を汚すみたい,抱きしめたいように,もう　勘が冴えて悔しいわ,明らめたくて　名前を呼んでみたけど,割り切りたいよ,今すぐ逸らせるもんか,苦しいの わかってるけど,些細な疑問くらい 許してよ,人口知能 使って 引き止めたりしないで,優しくLAST SMILE,気付かないうちロックンロールに鳴って逆に良かった,,暇つぶす口して　答え知りたくナイんだよ,ヤンキーヤンキーだ 現状維持の無敵め,,頭でっ価値 ずっとうんと砕いてもっと,,免疫が許す限り　紡ぐしかないよ,なんで　まだもっといたいよ　君と,伝わらない形を今日も,枯れ果てるまで泣き笑い,君に出会って　赦されてく,魘される夢も　全部,まだ夕暮れか　半分が染まった,深呼吸したいな,ありのまま　惨めな解放だ,きっと　誰も得しないよ,もう寒いとか忘れてたけど,テンポ軽快にyeo,,言っとけばいいのに　ばかじゃないのに,,鼻歌じゃなくても,もっと、釣られて踊れるように,ちょうだい　(ちょうだい),僕が　信じていたいもの,もう　ひとけのない部屋,缶ジュース零した水しぶき,モットーもっと？もう意外と辛いのに,Shockin’， isn’t it?,呆気なく気持ちは紛れるし,特別なキャラに期待はしないで,ああ　いつしか優しい言葉じゃ　効かない,仲良しこよしなんて,紡いでゆく発明,”ねぇもう、この記憶は僕らの持ちものです”,体は だる重じゃん,これまでにない感覚,そうやって落ち着けたんだ,ただ凌いで,ひとりごと続けてゆく,浄化されてゆく変幻自在な倍音,何を浮かべていたのだ？,導かれるままに
「本当」を知らないまま 進むのさ,あーあ なりたい自分と なれない自分,,コードと酸素を飲み込んでく,雲丹と栗 柿と梨 たけのこご飯,気にしてしまう距離が 僕にだけでありますように,色が吸えない 味も読めない,容易い笑みじゃ 纏めきれぬほどに,無意識に運べたら楽だろうな,わかってる　わかってる,客観的な言葉で操れられんよ,予想も届かない　言葉にかまわない,無口な君 真似ても,,簡単に正解 ばら撒かないでいてね,12時に good night　いえい,くだらないとも言えない緑の夕暮れは,もう駄目だ もし触れたら,,うおおお,あなたに幾度も 触れたって,乱してあげて,最低　言葉なんて　後付けでいい,,もう言えずに　すぐ心緩めるの,なにかを解決するには…,今日を　受け入れてゆく,,黙って綺麗ではいられない,今日は少しだけ早めに　お風呂に入ろ,一旦満足さ,辛いより　もっと辛いより,,誰にも言えないひと　僕になら,我ら同じ人間なら,どうでもいいから 置いてった,在り来りだろうけど,もっと期待したいし,,想いが躓いた声に,擦り込んで　噛み砕いて,,,シャツの群青色が滲んでく,,“Dream life?” You’re livin’ it,最初から,Tシャツも しわくちゃ,リハビリしたけどさ,馴れ合いサーブでしょ,途切れてく前に伝えられる,いい？,ありがちな 感情モドキを,強く攻め込まれる,,魘されるのも一時的な所業 一過性,シェードの埃は延長,winwinでいたいけど,,
,どうせどうせが安心をくれたような,青いタネを 潰しては口に運んでく,私だって今更無重力の,魅力まで周りに合わせなくていいんだ,小さな船流れ出す ただ力の抜けた光る方へ,孤独が眩しすぎてるほどのDNA,ただ はしゃいだって 譲り合って さよならさ,淡々と笑えないわ　取り繕ってしまうわ,まだ成れていない　それだけ,気づかれたくて　でも冷静でいるんだ,上っ面に揺さぶられたくないから　ただ,今は緩い安心が不安なんだよ,嫌われたくない会話から,,瞼　重たいまんま,乏しい知識で侮りあっては手繋ぎ合った,消えて無くなるんでしょ 真っ白に,！　お願い,,大体ちょっとだけ 頓知,脳みそ達止められない 操れない僕に,戸惑って　緩くなってくまで,現実にシニカルなハイに　なんも嘘なんてないよ,,容易いことではないけれど,喜びあった日々を　忘れはしないけど,全然取れやしない,原型のない　優しさが知りたい,夕暮れが　青くなる前に,終わりはあるでしょう,すぐ堕ちていった,繰り返す　同じ情景　同じ季節だけど,戻れなくなるよりずっとマシだけど,争いのない世界永和田,あいつら全員同窓会,僕には　君を思い返す日々で過ごしていける？,この性格じゃどうやって,袖に触れる　瞬間の声,正直なほど、遠ざかるわ,紅い足尖　どこへゆくの,もちろん問題は山積みですが,柔らかな緑は　ただ,嫌な予感がふたりをいつか,うざいくらい　叫んだって喰らったって,“バイトだったらどこでもよくない？”,そう未来は見ない日々だけど,淡い残り香の攻撃に やられないように⚠,ただ　心配かけないよう,適当ラリー　気が短いやつと,今時間ある？ ないかな,,踊ったとて 何者でもない,,肩を組んで歩いてく,言い訳です,,近づいてもいいの？,どちらでもない解釈 曖昧ってわけじゃない,棲みついた天使は 痛みの鎧
このまま奪って 隠して 忘れたい,偶然を叫びたくて,夕暮れまで 永遠などないと 知らしめるから,おやすみもごめんねも飽きたけど,雲丹と栗 雨宿り 香ばしい木の実,,誰も立てないほどの生き映え,出遅れた言葉 誓って,いつも　ゲラゲラ　道を塞ぐ民よ,,帰れなくなる前に痛んでよかった,凄いよ　篭って,誰に話せばいい これからのことばかり,ほっとけない 疑問の全部 どうしても,泳ぐ必要も 傷も無いのに何故か,,,だめだ もう僕をさ,誰にも言わナイで　相手にしナイで,ファンキーな直感で,空回りの本心 隠せちゃう,期待したいんだ,飲み込んでしまえばもう　遮れるかな,ピュアだった重たいビートに　なんも嘘なんてないよ,僕の立場と　ちっちゃな嘘で　食べられた,答えは別にある,,やつが暗く黒く　塗り潰したとしても,,今日を少しだけ　良い気分にさせたくて,尊敬できなくなる　はゔぁ,抱きしめて　喚いて,予め備えた　一粒が　間違いだろうと　例外を,,違んなら幾らでも修正,ステンバイミー 自然体に,もう居ないのに　惹かれ合うのに,考えない 勘変えないようにしたいけど,君が靡く　僕は願う,cry eye　謎めいた君への,,帰ってすぐ眠たいし,僕を　やり直させようと必死で,蝕んでも簡単に消えないように,譲れない日々よ　栄養になってまた　汚しあえ,,君を撫でるみたいに　祈ってた,意味が欲しいよ 花一匁,顔文字で笑っていよう,つるまないでね,,おかえりって言い合える標準な,でも今更 引き下がれない,人類なんだしー 自由自在のはずが,ゆらゆらと泳いでるみたいな,,平然ぶって 砕けてく ぬるい記録,,知りたい質感 聞きたい心地,いいから 願ったら 現れる気がした
分かり合う○ 1つもなくても,でも淡々と傘をさして,,,不器用な話し方でもいいんだ,鮮やかなフルーツに毒を吐いて,,冷めた皮膚だけ継ぎ足して,感謝の言葉しか出てこないよ,いつか　叶えられるまで　辿り着けないよ,,,大切にはできないから,痛く見えてるほど なりたい自分で強がれるんだ,覚えた息継ぎをして,高いパン買って,確かにと認め合える隙間へ,見つけないでくれよ お願いだよ,どうか　飽きナイ程度でいて,今日の歌だって 変わってゆくなら,,切り刻まれ この皮膚に従うほど,,,いっぱい諦めさせた,,知らない方が幸せだって,決して奪われない,何を感じたらいい　涙を教えて　も云えない,全てじゃなくても唯一,ゲームだけ返して,鳴いたりはしなくなっても,経験と　変わらずに　進んでゆく　流れてゆく,さりげないくらいに執着して,狙うなら原点で0点,シャイな空騒ぎ,一瞬の夏だったよ,聞き分け業務 繰り返してる時はさ,今はまだ　このままで,follow up　照らす頬色,知らないままで　居たいけど,何処へも行けないこんな,ままごとを続けた,解けないように高架下夜道,残機わかんなくて　上がんなくて,綺羅キラー,,手に入らないこと わかってても,笑っていよう,理由もわからないなら,すれ違った 初めましての曲を,日常を描くけど,“皆が寝静まれば 僕の出番来る”,お利口な素振りで味がしない,心地がほら慰めてしまう,ロンリーナイト 冷蔵庫の灯りが,涙を凍らせて 笑うんだ 嗚呼,追いかけても 問いかけても また,躊躇ってる場合じゃない？,眠りにつくまで 歩いてく
会って「ごめん。」って返さないでね,情けないほどの雨降らしながら帰るよじゃあね,きっと水でさえ この熱でさえ,言わなきゃ でもやっぱやだ,,習ったばかりの嘘を挟んで,まだ迷ってしまうけど 街灯がない道だけど,生かされてた 浅い声の正義であるように,後戻りは　しなくていいの,ふと　よぎるたび　歌にしまうんだよ,紛らわして紛らわして　距離を取るほど,恥ずかしい今に飛んでった僕は,すぐ比べ合う 周りが どうとかじゃ無くて,気にしてばかりで 巡り会いも失いたくない,先に溺れるよ それで消し切れるなら,さりげなく並ぶ　横から,大人になって出会ってみたい,,悪気なくても　貶し慣れたら,そんな理由で 飛び込んでみたいけど,あたしのこと知らないで 因果応報叱らないで,無敵になれた,高鳴る夜は眠れない,この爆弾みたいな球体に　暮らし始めて,その傷口のほう　僕じゃない誰かに,転回を嫌い、荒れ果てたこの世を,知れば　知り得るほど,インスタントな存在でも,眩い暮らしは　ずっと　疑える源です,何かを越えなくても　今日は染まってく,深呼吸して今,静かな波だわ waaaaa,そう落ち着かせていいよ,ろんりねす。多いのです。,,ねばった戦績 飛んでった,ありがとう,甘い甘い散らかって 吐いて 最後虚しかったんだ,不揃いのサビ　繋ぐ花火,偶然じゃないって、,ネオンな　ジャングルの向こう,夜更けも　ずっと光り続けてる,木を　ねぇどうしたいんだ,汗っかきな問いに客観視,脊髄反射の涙腺は　濁った声で歌えば感謝です,嫌いなんて序の口 そう思うと楽だし,曖昧はもう十分です　ねぇ気づいてる？,柄にないことばかり たらたら溢して,そういう時期もあんだよ,謝れないでしょ,今もまだ 思い返します,泣きたい夜があるならそっと,,心肺専用 動悸が加速する,鳴き虫だってこと離れからいつも思うこと,映し出す 僕の虚無を証明して,平然ぶって 踊ってみる 容赦なく,迷宮 担うばかり,,何度も 同じこと 守るから
形のない言葉は いらないから,,感じていないのなら 使い切って声に出そう,それじゃ何も始まらないのだから,うにぐり おにぎり うにぐり,食べ尽くすことで どうにか立っている,届かない呼吸だけ 有り余る,,今のところは　帰って眠るだけ,涙にもなれない憂だけで　遠く願うんだ,一方的を貫くなら,まだ此処には　たぶん　いるみたい？,素直になりたいんだ,こんなこと 云いたいわけじゃないのに,どこまでも ただ 遠くへ,誤魔化す　スタンプ,どの空間時間帯にいたって,そもそも 住む世界が違うな,何も感じられなくなるのかな,ただ泣きたくて、謀っといて、,あたしのこと知らないで 因果応報叱らないで,,会いたいを認めざるを得ない,何十年か経った今も　探してんのは,救われてほしいとも　願えなくて,(ねぇどうしたい),,見えなくても　此処にある,怒る瘡蓋よ　許されなくとも歌うさ,,全クリさせたいわ,,,自分次第で生きていたいけど,機械音痴でもリズムノリ,なりたい自分に 絡まる電柱,僕に残ってる　引き摺る温もり,違う違う ただ僕に合う長所 選んでいいかな,言いたい言葉　走って,解き明かせるの？,子供みたいな　大人みたいな,神秘的なミラーチューン yey,あゝ　今日が,傷つけそうで瘡蓋みたいで,,3.2.1で歪み合った,全細胞に込めたけど　引き摺るんだよ,こんな僕をまた 笑ってくれたらいいのに,,,我侭な合言葉 '',隣に居させて教えてよいつでも,冴えないリズムで 踊り明かすからね,ルールは終わりを告げるものでしょ,雨は紅く羽は止まる,それは 誰も奪えやしないんだよ,息が痛く鳴る 君のせいだよ,熱を帯びた言葉たちが,想像に まるばつ なんてない 僕らは,
,なんで？隣にいなくても いいよ いいの いいよ,通えない記憶を全部 冷凍したって形に残るんだ,言わなきゃ なんかこのまま,,変な言葉使う僕でいなきゃ,このまま反射しても,近づいて遠のいて 探り合ってみたんだ,,ちぐはぐで飛び込んで　いけるとこまで,触れたい＝凌ぎたい＝口にはしない,走らないで　怯えないで　転げそうな,,こんな自分に負けたくないのに,綺麗事 言うよ 価値を値付けたまま,あなたと喧嘩したかった,繋げなかったような悲しみだって,会いたいよ 迷惑かな,誰にも効かナイで　相手にしナイで,集めちゃった感情参考書です。,あたしのこと知らないで 因果応報叱らないで,時が経てば 自然に,涙にちゃんと意味はない,あったかく流れる　脈拍きみのだ,,見過ごせない僕がいい,正しくなれない　霧が毒をみた,,触れ合える今日が来ると　信じ眠りたいです,ブーツ　スウェット　絡まるまつげ　リング　換気,言い返せるかも,もう辛さに集中　入り込める,会いたい　に変わる仕草が,どうも,脳裏上に詰まったlonely,ぼーっとして 没頭して,ずっと　まだ目の前に,,叫びたい気持ちを　恥じらって,一方的な想いを,夜に　走り回りたい,,,,試したいわ　あたたかくて,君のその口 シガレット辛口,曖昧なのは自分だって　わかってる？,,今まで信じてきたような未来を,do downnnnn,口ずさむなんて もう嘘じゃない,,海馬まで 灰だらけ,,,孤独じゃなきゃ眠れない 眠れない,,やんちゃする,冷静に 白黒でもない,答え合わせしなくても
消えない後遺症「なんでも受け止める。」と,って台詞を交わしたって,こんな気持ちだけ 名前があるだけ,気づかないふりしあいっこでいいのかな,いくらバッテンにされても そもそも目に止まらなくても,交わることない 類いにはまって,何も変わりゃしないことも,近づいて遠のいて わかり合ってみたんだ,おかしいと思うほど　頷いてしまう方法,近づけるほど　夢で会えるかな,散々　確信しているから,病みに酔い痴れて　やっと立ち上がろ,冷たい匂いに負けそうになるくらい,もう どうだってよくなってしまう前に,おいでって おいでって おいでって なんで,,それは違うと守りきれるまで,間違えた ふりして笑おう,どうか　飽きナイ程度でいて,お勉強しといてよ 解いといてよ,あたしのこと嫌わないで,忘れゆく悲しみをいつまでも,ジュエリーを着飾るアリスも　笑ってる,おでこに感じてた記憶　儚い人生かも,なさけないけど　空しいけど,(ほっときな),片っ端から確かめたくて,守ってたいなんて　一切合切　自我の煩悩で,,肌色な心地　あからさま命　発揮,コンクリートの色違いを見つけて,気持ちよく　中止準備,どうして思い出を残そうとするだろう,褒められるより　面白がって,誰かに気づいてもらいたい,身勝手な僕でいい,,回線落ち→乗り過ごし のけぞった爪で連打した,歌うのは　僕のキルト,,エメラルドグリーンの　粒ら光らせて,君がいなきゃ　はじまんない,君の吸い込んだ空気で,預けらんない　さよなら,絶体絶命な　夜は気持ちい,割り切ったけど,慣れない皮膚で叫ぶ,飛んでっちゃった 弱音が飛び散った,確かめるように　見つめていたけど,,嘘じゃない 一瞬の煌めきじゃなくて,生まれた時から,誰が僕を わかった気になれんのかね,全身演じきってよ 全開でその程度？,違うからこれで終わりじゃないってまだ,,吐き出せないまま 消えてった,都市伝説的に いずれ解る,クリームで会いにいけますか,大丈夫 君と私だけ
言ったきり もう帰ることはない,意味ないことも わかってる わかってる,手を握るたび プログラムだってこと？,,僕は僕を全うすることに 懲りないくらいでいいと,君を逸らして 傷を抉って,過ぎって蔓延るよ,近づいて遠のいて 笑いあってみたんだ,顔に出すこと　許されなくて,探さなくていい　探さないでよ,話さないよ　離せないよ,ワニになって　朱鷺になって,暖かさに慣れてたせいかな,覚悟を決めたかった,明日にはもう 忘れてしまうのに。。,本当は 11時に寝たんだ,子供になって出会ってみたい,どうにもならない,つまらない自分　受け入れるほど,,,思い返して,お喋りして　噴水の周りで　みんな踊ってる　まだ,でも精一杯で　私ら切ないね　だから失敗したくて,君の手を　繋いで歩きたいよ,応えれば堪えるほど,考え続けたい,控えめになって　心をポイ捨てしても,濡れた踵で歩いてく,一人ぼっちが　しっくりくる季節も,はゔぁ,もし振られてた想定　入り込める,先に帰る　バスに乗れず,いい時間に　傷ついてしまおう,また生身で小声で叫びたい,どうでもいいから 置いてった,それは　わたしじゃない,連れてって ずれてって 生き返ることはないのに,,甘くて苦い　内緒のtonic,あなたの帰りを　いつまでも,繋ぐぜ　笑っとく,消えてしまいそうです,君までも　朽ち果ててしまう気がした,平凡な生活　ゆめみたけど,(知るか? 汁なら drink up we’re still tough),君じゃなきゃだめなんだよ,君の白い袖を 汚したのは僕だよ,どこにも居場所は無く,共感したいですが　相槌の安全策は,幻じゃ容易い表現,おかえりとは無縁だった,夜は情け 肺が鳴け 廃,不器用で優しいだけでは超えらんないです,槌の子になって掘り返してしまうから,空っぽなオケで 歌う習慣,溶けてった それでよかった,形なき秤,何者でもない クリーミーさ,無罪で 綺麗です
デタラメでも 僕のためじゃなくても,わかってるから 繋ぎ止めてよ,誰にも当てはまることない 基準なんていらないよ,いびつでもいい 今日も照らし続けるよ,ヒントを置いてっては消えた 微かな温もりで生かされてた,磨り減った心で 歌を歌って,,近づいて遠のいて 巡り合っていたんだ,泣き疲れてしまおう　リセットを覚えよう,今は　忘れさせてよ,見つめ合う時　僕でいられるなら,蟹になって　灰になってさ,触れた気体を 縒れた鞄に蔵って,,,夜更かし出来る自分を　自慢したいんだ,今ではない出会いは儚くて,きみが 空気が 僕のパワーが,何か　やる気が漲るのかな～あ、aaa..,(今日どうしよ？)も,もっと 仕草に揺れて 抑えきれないほどに,背負うことで戦えるの,,相当無限に想えるように,血の温もりも　色素の距離も,(ねぇどうして),偽りで出会えた　僕らは何一つも,きっと違うけど,軋む雪を奏でて　思い出す,永くはなくて,,出会った瞬間に　している,待ち続ける　気楽さに,,フロアの世代　ずとまよ遠征隊,あいつら全員同窓会,傷つけない　さよなら　を,敵でも味方でもない 互いのたちば無理して,継ぎ接ぎなメモ　くだらない話を,冷たい風　近づけるholic,待っている,どんな逆境だって煮詰まった,未完成で　低姿勢で　気持ち任せです,幻みたいな滑稽を　探しまわった夏,先手必勝が　気持ちいいな,最低なコンプだし 最高の昆布だし,,なんで謝った？,どっちが多いとかさ,しんどくなってく絶対　努力はしたけど,我侭な合言葉 'さよなら' は言わないで,ただいまも自分で完結できた,,見栄張ってんじゃない？,いつだってそうだよ,新参お皿を 舐める探究死因,吐き出さないまま 消えてって お願い,安心させて 緊張させて,創造に まるばつ なんてない,全て混ざっていなくても
君に守られた,don’t stop脳裏上に 置いていたクラッカー打ち鳴らして笑おう,,最後に気づいてもらえなくても,願っては 届かなくても ただ願ってた,君が笑うなら 僕も笑ってみるよ,今は傷つくことも願ってる,,興味ないなら　ほっといてくれ,,足りない＝繋ぎたい＝全て成らない　方が,完璧が　つまらぬようにさ,君のくれたバッチ握って 張り裂けそうな声で,いつしか 現れる,君の欠点ばかり漁って,,忘れてしまうようなお別れの前に,消えないことは もう 知ってるよ,,前向きに(何時までだっけ？)すら,リズムがなきゃ 話も味っけない,,最低　言葉なんて　後付けでいい,,君といたいよ　どうしたらいい,無気力な僕には戻れない,奪われてないから,学んでしまった　気づいてしまった,原型のない　寂しさは　自由だな,ずっと傾いてた歯ブラシをやっとゴミ箱へ,沸騰させて文字通り,,そっと逃げていたんだ,全部無かったことにするのも,奪われない　生き残れ反省会,ステンバイミー 自然体に,靴に石入っても　歩き考えてた,返答に時間がかかって きりがないのにさ,茶化しながら　見つめあいながら,過去へ行ける材料のような名曲を知ってる君へ,,頑固な　僕だって,乱暴に手を振った　気配に負けそうです,今日で　乾いてしまうなら,,揃ってるだけじゃつまらんし,dan dan…,あの時から舞台に 立てないままだったんだ,もうどうでもいいんだよ,この境界線で　豪速球の安全策を,気にしないでね またぼやいてる 誤魔化し効かない,あまりにも覚えていないんだ,ネット上で息してる 結んで開いて,ちゃんとせい what's your pain？,煌めきだけじゃ儚いよ,やりたいことできなくて正解じゃん,,奇妙な今世,クリームで会いにいけますか,大丈夫＝二人の言霊
,ぼんやりと月を透かしてみたり,浮かんでいるだけの あの泡に 名前がある,木星も 月も 突き抜けなきゃ,,,見たことない光を望むなら,そっと揺り起こしても 何も変わらぬ存在を,,綺麗事な涌かさで括るけど,仲良しだね、よかった,,少しでも起き上がれないかな,同じ熱の 途方もない憂いにも,孤立無援の罠を潜って,保健室のせんせいとは,,,元気のナイ亡霊　居眠り遠征帰り,聞き返せない 危ないから,ミラーボール怖がって アコギ持ち替えたら,たとえ否定しかしない誰かを,戸惑って　緩くなってくまで,一人ぼーっと　今と　これからと,どうにもならないけど,駆け引きを続けて,,備えられた孤独が　こんなに尊いならば,,,カップ麺ごと落っこっとしや,煙撒いてくる　待って,,定期的に　要領いい二人　察するリズム,,シャイな空騒ぎ,先ばかり気にする君と　遅れをとるわたしと,,橙色の放課後　図書室のストーブ音＝,何してる？って送るハンデ,夜中のキスミ,めんどくさい☆諦め悪いみたい,君のSOSは　僕のものって　思い込んだ夏,君が返した　雫は僕を,帰ってすぐに水やり　人間の営み,繋いだって綻ぶし しょっぱいな鰹節,,,,打ち返してみたいけど,君次第でね つまらない期待 それしか言えない,今思うと楽しかったなぁ,顔も見えないやつの 助言なんて0点,感情戦を君と 練っていきたいんだよ,其処彼処で思い出が殴るんだよ,言いたいこと言えなくて正解じゃん,期待なんてしたくないけど延長,,今なら会いにいけますか,愉快で おかしいって
目も口も 意味がないほどに,タイミングをずらしてみたり,この世界には,叶わぬ声も触れられないもん,正しいほど 魔の攻撃が押し寄せたら,気配だけで超えられるから,,大切に しすぎてしまうから,難関　難解　何階　間違う　笑えないジョーク,遠回る言葉じゃ時間がないから,,くだらない　と放って　とばした,,いつしか 助けられる,深い曹操に自ら溺れて,仲良くしよ　したら　こっちのもんだから,黙り込んでたら,ずれても 気付かないまま,しょっちゅう連絡する相手でもナイし,健康でいたい せめて,まだ 恥ずかしく踊れるから,正義まで押し付ける客観を,少しだけ　待っているから　得意だったから,考える時間が必要,,,今　心を閉ざさぬように,疑う必要はない　信じてる必要もない,喉に終うように　涙を堪えても見えない,またいつかはキミに会いたい,絶望＝開放的…,唯一話せる　デリバリー,寂しくないように　好かれないように,分かち合える哀愁濃度　こんなに,四畳 Fanに,ねばった成績 飛んでった,ふと　ぎこちない日々を　思い浮かべてた,ギターの弦費 食費 交通費,だいじょばない日の　待ち合わせ場所,入力中…って知る幸せ,二つのミステイク,まだ重々謙遜したい yey,,困らせて　許してくれて,実のところ恵まれても　虚無感が友だち,もっと甘えたいけどー？,できるだけ長く　過ごせるように,ルーティンから もう抜け出せない,ああ　ノートに書いてる言葉は　いらない,アドバンテージサーバー,,って記憶は冷凍保存したんだと思う,一過性のエンカウント 通じ合えない礼儀,,なんでもっと、って,アドバイス評論人類 脳サンキュ,諦めてるわけではないから,微熱 望むまま,,わかってるけど
塞ぎ込んで 動けない僕を,目に見えるものが全てって思いたいのに,再現困難の 表情が 意味を持つ,少しだけ あなたの住む世界,全て抱きかかえるから,柵や秩序の甘えは 君がいて水になる,犠牲にしたって本心だけ,きっと これから先 もっと綺麗な文字で,来週の献立を眺める日々だけ,柄にないこと　言わせてよ,悲しいたましい　晒しあえるとき,心に良かったのか　なんて僕も思わないけど,ずっと解決が 答えじゃないことが,まだ 諦めの悪い夢に頼ってしまうから,涼しい顔で笑って,早弁バレちゃうかなって,くだらない距離だけが,輪の中 軽やかな壁が見えた,省いて絆　深める　仲間のドクロ,結局ここまで 気持ち,ずっと 浅はかです 帰りたくないけれど,見逃しは出来ないけど,,あり過ぎると病むけど,なんであの時　身を引いた君を見て,草を無視り水をやり,腰眈々と　訓練を続けよ,連鎖よ続け,眩い暮らしは　ずっと　疑える源です,元気でいてください,Tell me Tell me,とっくに溶けるように,辛さに強いのに,今はね　特別が濃くなるなら,STANDBY調整,なりたい自分に 絡まる電柱,,喉仏 行き場のない米と涙ぶつかる,,一緒に見たハウル　猫中心のハウス,あなたの　メッセージを,止まらないよ心臓　揺るがないんだ,屋上から一番近い階段あははって,繰り返し目を覚ました　痛くなる度,眠気覚まし耳打ち　飲み干すまで合図血,,語尾や視線に　工夫が必要です,辞めたい辞められない 愛想笑顔,散歩でもしよっかな,,消えてゆく瞬間は 確かなり,全てを話さなくとも,命令通りじゃ 傷んでくし いずれ腐ってく,萎えるぜ全方位 急にだるいよ,なんて蹴ったりは、しないよ,すり減らない日を選ぼうよ だって,暗いホーム ステイゴールド,,逃れることも 時には賢く,
みつけないで ほっといてくれないか,,言葉も要らぬほど,まわりまわって近づけたときは,,色のない輝きを追うばかり,誰もわからず乏しい罠,拾い集めるんだろうな,,想い続ける脆さを込めた,新しいはなし　交わしあえるとき,形にすることで開いた火花に,苦しいの　! わかってるけど,,そっと涙を零すのなんで,胸の鼓動　抑え　すする私に,ぎこちなく焦ってく,空気は 読み書きできずに,何も言わナイけど　誰も嫌っていナイ,育てられてしまったことが 全て,言わないで もう身体に慣れない,響かないから,同じくらいの秘密は　手放せない,それをうまく調節しないといけないし～,ほっとしてる自分が　もうこわいよ,鉛を炒め生きてる,枯れ木に　笑顔だけ,,怒る瘡蓋よ　許されなくとも歌うさ,鈍くなった感情,食わんし食わんし,頭に浮かぶまま,食べるために　紡ぐ場所,んま、それでいい,稲妻のレンジ叩け,ぼーっとして 没頭して,この先どうする　ね　どうしよう　わからない,いずれは価値になる？ そう言い聞かせ眠る,先に素直になれる君の　貫く君の,君のテイク　見つめている,ちょうだい　(ちょうだい),,簡単に放り投げた哀傷論,,仲良しこよしの時間,ぞんざいでアップダウンな現状が今ヒット中,君へのlyric　隠したlipstick,ご機嫌なんて伺って ばかじゃない？,ただ　心配されるよう,適当ラリー　やりとりが,心地いい？関係ない？,わかってもらえる気がした,,君専用の心構えしかないけれど,,余裕がない僕には,心が貧乏 共感できないことだもん,夏は丸い綿飴くれた,自分を救うように 君を救いたい,意地になる
どこ見ても どこに居ても 開かない,嫌う体力があるようで 大抵が水だらけ,生まれて死ぬまでを 人間は,震える声に耳澄まして,傷つけっぱなし 気づけない時もある,気にしてしまう距離が 僕にだけでありますように,分類したって自尊心は もう,,もう　勘が冴えて悔しいわ,君のためにって　僕のためで,悲しいたましい　晒しあえるとき,答え合せをして　ゆっくり手を振ろう,無口な君 真似ても,思っていたことと違っても 今更 引き返せないよ,渡りたくないのにどうして,優しくLAST SMILE,ぎこちなさが尖ってく,吸って吐いて 返した,,謙遜してるけど 病みたくないから,変わってゆくから 私ねもっと,同調したって中身無くて,,誰かと一緒においしいもの食べたりが,なんで　まだもっといたいよ　君と,嫌える,君の肉体　本心全て,在り来たりな儀式も　お上手に,触れ合える今日が来ると　信じ眠りたいです,甘い痛みで全身,不安視不安しぃ,在り来たりなの　待って,やっぱり　素直でいたいよ,,ちょっと絶対,身勝手な僕でいい,君が溜息つく　このやりとりに,君にも嘘をつこう,後ろ姿を　探したけれど　伝う花びら,暖炉の景色　消した電気,ただ身を預け　あなたの腕,ねね　楽しめる主導権　握らせて,表したところでだって,遠くを見つめてる　横顔を見てる,,落ち込んでる方が 進めるセオリー,あばくのは御法度です,僕が歌うものは 既にあるものじゃーーーん,顔文字で泣いていよう,唯一の居場所感で,最終は無責任なら,頷くだけで安心でした,はぁーーーー 綺羅キラ星だ,ぱっぱらと参ろう,柔らかな昼下がり,劣等感・疎外感・嫌悪感が,それは通常 ずっと予測できたこと,溶けるけど甘い記憶包まれる,なんて 勝手な僕の生スクリーム,承認され消費されてく
,君に「すごいね」とは言わなかった 言えなかった,一度しか 辿れないのなら,気まずいくらいで返さないでよ,落し物なら僕が届けにゆくから,小さな船流れ出す ただ力の抜けた光る方へ,薄暗い朝に委ねるだけ,悪いこと してなくても,無意識に運べたら楽だろうな,薄っぺらい歌,新しい悲しい　交わしあえるとき,,今は緩い安心が不安なんだよ,［選べないコト］を きっと選ぶから,,いつの日か good-bye　いえい,,居場所を決めたせいで,君にだけは絶対　いじられたくなくて,此処で いって,ねぇ、見届けて 欲しがりでも,正しさが正しくなれないほど,簡単には言わないでね,幸せになる程　毎日は願わない,もう言えずに　すぐ心緩めるの,ほど律儀じゃない,無駄になんかさせないよ,切磋琢磨に踊れ　秒読み,,染み込みたい,食わんしぃ悔しいな,言い換えたキスならヘルシー,,ブランケットに包まって,しがみつく恐れなし,,安心できる　自分がいた,,ただ眩しくなっただけなのに。,うわずる返事に　触れた手は戻れないや,優しく　抱かれるままで,情緒　高鳴る　お互いに良き条件,どうにもならない,途中地点で留まる強さに　見惚れた陽,直感で自己中な理解不能プレイヤー,うpダウンな成長が いまひとつ,,,泣いてんの,仲良しこよしなんて,炊き立てのご飯だってそう,振り帰りの涙はデンジャー,吸って吐いて 貸し借りしよ？,信じたいよ 待ち伏せたいよ,作ったお弁食べよう,成長なんて 今は無理だな,誰のためでもない言葉に 縋って居座って,秋は歴史に残す文化祭の準備して,漠然と天井みつめんだ,好きなものだけで満たす技術
肺に潜り 秒針を噛み,どこにも着けなかった 本初子午線がまた,何度も壊しては 組み立てて,この距離だって乗り越えられるよね,謙虚に謙虚に真夜中をむかえたら,,時々たまに従うまま,秘密を隠し通すことが 正義なら,淡々と笑えないわ　取り繕ってしまうわ,,,挨拶だけで　いいから,誰に話せばいい これからのことばかり,もっと 単純で いいんだよ,ずるいよ ずるいよ,お腹　空いてなかった,確かにと認め合える隙間へ,凹んで 嵌まって 抜け出せなくなった,有る事　ナイ事　イイふらしモンスターが,,,簡単に僕らを表せないように,否定しないから,今のままじゃ家ない,,優しい余白で目を見る,,トライアングルな縁に浸っても,冴えすぎるままに,,,とっくに溶けるように,繰り返す　同じ情景　同じ季節だけど,もう寒いとか忘れてたけど,弾劾想定,会っても癒えない世界で,急な矛盾が　飼い慣らせない,もっと期待し大志,憧れに似た,キック強めで　掻き消す吐息,泣きそうで　折れそうで,もう明るい関係選んでゆくんだ,成長も儘ならない,焼き付くように　目は逸らせず,求められたなら三次会,底辺のてっぺんの味で 満たされたいわ,汚れたものに惹かれてった,何か出来そうな夜更かし,そういう時期もあんだよ,馴れ合いサーブでしょ,私にとっては 贅沢な出来事です,予告だけでも十分満タン,踊ったとて 何者でもない,お帰りって お参りして退治,ほっとかれて増えてゆく苔が僕だとよかった,,リハビリが必要,風が吹けば 触れた,,そんなこといつからできるように
白昼夢の中で ガンガン砕いた,絡まったまんま 解けない,奇跡だとか 確かめていたいだけ,なんて強気じゃいられないよ,時間が無限に存在するような感覚,カシス色の髪が揺れている,シナリオ通りに暮らしてゆくなら,青い風声鶴唳 押し込んで,いつも　ゲラゲラ　道を塞ぐ民よ,いつか　叶えられる果て　辿り着けないよ,最終地点に連れ出して？,確かめもしないで　眺めたりしないで,大切にはできないから,でも きっと こうやって着飾るの,痛い痛いの飛んで行けって,,大人になって出会ってみたい,無限にある時間はいらない きみが 欲しいなら,呼び出しを食らって　また標的だって,去年の思い出 お洗濯したって 相変わらず,どう思っているとか,お口直しを,何にも聞かないから,誰にも言えないや　ちゅうちゅう,僕の弱さがね　君ばかり傷つけた,,ねぇ、知り得る方が幸せだって,何処に居ても場所　疑うけど,不一致が　流れてく,まだ夕暮れか　半分が染まった,深呼吸したいな,胸の奥砕いて,予め備えた　一粒が　間違いだろうと　例外を,焼気持ち　くねらせて　朝まで,くたばるな果てな無視,匿名の自分に なって,何がきっかけとかじゃないけど,この正確じゃどうやって,,たまにしか会えない　君の周波数,でも離れられない　猫体で,費やしてたいもの,8月9月育っては生滅,夏が枯れる　あゝ,細かいご指摘も有り難き,,それが同じなとこ惹かれてった,成仏させた詩,,適当ラリー　気が短いやつと,曖昧時代 大丈夫になるための,普通じゃなくとも順風満帆,でも今更 引き下がれない,お大事に対談だ ランバダ,そうやって日々を喰ったんだ,ロンリーナイト 冷蔵庫の灯りが,雑に生きられない,,淡い断言に 惑わされたりするけど,なってしまったの
でも壊れない 止まってくれない,,,,,喉が乾くほどに泣いている,悩み方も何も知り得ずに頷くだけ,いつでも帰っておいでって,感謝の言葉しか出てこないよ,ふと　よぎるたび　歌にしまうんだよ,自然な細胞に入れ替えて,次に進みたいのさ,すぐ比べ合う 周りが どうとかじゃ無くて,より良いように 組み合うように 確かめたいよ,もういいよ もういいよ,どんどん　溶ける　茶色く染まっていく,どの空間時間帯にいたって,,知らナイふりして　静かに暮らしたいけど,乾かないや 寒がりな季節に,伝えるのが 恥ずかしいんじゃなくて,,,,いっぱい諦めさせた,伝わらない形を今日も,辿り着いてもいい？,鍛えられた細胞　崩してよ,所詮は　皮膚を,今日は少しだけ早めに　お風呂に入ろ,一旦満足さ,,経験と　変わらずに　進んでゆく　流れてゆく,明日からの二人を考えたくはない,なんだかんだ,誰を批判しなくたって,疲れてくことも　慣れていたと思う,考えない 勘変えないようにしたいけど,袖に触れる　瞬間の声,聞こえる鼓動　お腹のホクロ　照れずに伝えるこころ,,変身モード全開でクリアな情景,もう　行き場のない部屋＝僕,,結局　瞳孔開いてしまうのに,I don’t wanna write， or hold a mic,でも時間は躊躇なく牙を剥ける,特別なキャラに期待はしないで,やけに広い駐車場に　ぽつり,つるまないでね,おまじない死体,また会えたらいいなぁ,“皆が寝静まれば 僕の出番来る”,怠惰だ countdown,,映し出す 僕の虚無を証明して,,微熱 望むまま,知りたい質感 聞きたい狼煙,
演じ続けるのなら,嗚ー呼 消えたい自分と 消えたくない自分,桃味の 炭酸水に2人潜り込んで,会うための約束も タイミング見計らってばかり,雲丹と栗 柿と梨 たけのこご飯,まだ 君のことまだ 途中地点の話をさせてね,ビリビリに破り始めるだけ 今なら,口癖になってゆくんだ,後戻りは　しなくていいの,涙にもなれない憂だけで　遠く願うんだ,想像破壊は辞めにして？,予想も届かない　言葉にかまわない,素直になりたいんだ,君の声で 太る意志で 貫けるから,君の意味になれないなら,どんどん　溶ける　雑菌は多いけれど,繋げなかったような悲しみだって,もう冷めた きみどころじゃないくらい,,ぁ～勿体ぶっていいから 個のまんま,ハッピーな永遠歌～,怖がることはもういーかい,高鳴る夜は眠れない,きみをちょっぴり傷つけることで　尚更気になってくの,だめな僕の根を　自分で罰することで,なにかを解決するには…,,この人生が有ること　許してよ,懲らしめ　深くまで,夕暮れが　青くなる前に,終わりはあるでしょう,どうして　予定調和に過ぎない無意味たち,そう落ち着かせていいよ,ブランケットに包まって,なんとかなるって言葉に救われたい,発散できる言葉 探してる,それが始まりで　義務になったし,引き分け業務 繰り返してる時はさ,君が靡く　僕は願う,思い出す　メロディが足りない,知らないままで　居たいけど,聴き倒したディスケット,,忘れらんない　夕日が,,Feedback stopped me,最初から,Tシャツも しわくちゃ,生ぬるい風＝傷口によい風,理由もわからないなら,早急に その次,あの頃みたいに,,,こんなに名前を呼んだり,それは 誰も奪えやしないんだよ,わからない でもそれはしょうがない？,君が 望むなら,躊躇ってる場合じゃない,わがままな神
,ずっとずっとが気がかりをくれたような,少し泣いても わかんない具合に 晦ましあえた,君の匂いも あれ いつのまに 変わってた,魅力まで周りに合わせなくていいんだ,何に誰に許可を貰って暮らしてんの,今ならなだけ,,今のところは　帰って眠るだけ,ちぐはぐで飛び込んで　いけるとこまで,体内に早急に悩みたいのにな,上っ面に揺さぶられたくないから　ただ,,,上昇気流 奪って 引き止めたりしないで,かりんとう風味の　そふとくりーむ,それは違うと守りきれるまで,時間に 追われたい,え　？　え　？,焼き焼きだ 押し潰される無敵め,告げそうになるから 控えさせてね それだけ,惑わされてくなら,会いたいを認めざるを得ない,満たされない距離を図って　尚更好きになってくの,解決できるくらい　単純じゃないけど,容易いことではないけれど,君だけが見る　夕焼け風鏡,今まで見てきたもの　全部背負って,,今日を少しだけ　良い気分にさせたくて,尊敬できなくなる　はゔぁ,君は知ってる。,,もう寒いとか忘れてたけど,許して自由になりたい,Hip hop 蹴って,ゴールだったし　ご飯できたよ,甘い甘い散らかって 吐いて 最後虚しかったんだ,今はまだ　このままで,,ネオンな　ジャングルの向こう,憧れはきっと超えてくもの　モット,柔らかな緑は　ただ,君にとって　も同じ想いだってきっと,うざいくらい　叫んだって喰らったって,I fell off， I gotta buy brand coffee,そう紛いものな僕だけど,淡い残り香の攻撃に やられないように⚠,こんな日のために紡いだ歌,謝れないでしょ,自分で選べっ！と思うなら 勝ちあり,スプーン一杯の穏やかな思い出だけで,冴えないリズムで 踊り明かすからね,壊れるのは呆気ない,振り向いたりしちゃだめだよ,孤独じゃなきゃ眠れない 眠れない,わかろうとする想像力はいつしか,,,繋ぎ止めても
このまま奪って 隠して 忘れたい,比べてもやるせなくて でも結論はそこにあって,,,雲丹と栗 雨宿り 香ばしい木の実,気持ちに名前付ける必要なんてあんの,,ただ 思い出して 終わらないで,,近づけるほど　夢で会えるかな,,,どれだけ複雑でも 辿り着いてしまうから,嫌われたくない会話から,簡単に可能性 与えないでいてね,きっと　持ってんだよ,子供になって出会ってみたい,醒めた もう僕をさ,誰にも言わナイで　相手にしナイで,褒めあいライム・合図 変わらず,またすぐ否定的になってしまうけど,頭でっ価値 ずっとうんと砕いてもっと,涙にちゃんと意味はない,,,答えは別にある,僕でもいつか　解る日まで,生きてく怪我させて,この図解まで　時が　裂かれても,全てじゃなくても唯一,ゲームだけ返して,こうして　口に含んでは誰も選べない,暮らしてゆくために,誰にも言えないひと　僕になら,,濃いめの愛闇 拭って,,違う違う ただ僕に合う長所 選んでいいかな,不揃いの錆　繋ぐ花火,あの時、妙に,子供みたいな　大人みたいな,ドキドキするほう優先しようよ,僕を　やり直させようと必死で,幻みたいな偶然を　探しまわった夏,譲れない日々よ　栄養になってまた　汚しあえ？,Figured the days of genre were long gone,君をあやすように　祈ってた,意味が欲しいよ 花一匁,立ち直り方より味方でいたいのさ,,,暮らしてこれたんだよ,海馬まで 灰だらけ,だんだん返事が素っ気ない,僕は僕を虚仮にしてくれとそう願うんだ,,つぶつぶと弾け飛ぶ,追いかけても 問いかけても また,想像に まるばつ なんてない 僕らは,縛りつけても
分かり合う○ 1つもなくても,情けないほどの雨降らしながら帰るよじゃあね,きっと震えさえ この重ささえ,超えなきゃ 逃げちゃだめだ,心地いい冷たい風が好きさ,嗚呼 言い切れない 今は言い切れないままさ,無駄を楽しむ勇気がなくて,抱きしめたいように,君がくれた毒苺　満たされてない君の一号を,探さなくていい　探さないでよ,確かめたくて,恥ずかしい今に飛んでった僕は,私は平気だよって わかって欲しいから,ほっとけない 疑問の全部 どうしても,,悪いことしちゃったな　とは思っているけれど,今ではない出会いは儚くて,突き放してくれよ お願いだよ,どうか　飽きナイ程度でいて,乾かないや 強がりな季節に,,乱してあげて,ジュエリーを着飾るアリスも　笑ってる,この爆弾みたいな球体に　暮らし始めて,なさけないけど　虚しいけど,,考え続けたい,,特権は　幾度になく　哀愁にもなれる？,何かを越えなくても　今日は染まってく,深呼吸して今,,命を奪ったり　奪われたり,欲しい気持ちだけを交換こできるよ,こってこてのバリ硬men,誰を批判しなくたって,言っとけばいいのに　ばかじゃないのに,,言いたい言葉　走って,包まる君との、距離,夜に　走り回りたい,かぎりがあるもの,ままごとを続けた,今日で　終わってしまうなら,残機わかんなくて　上がんなくて,Thanks a lot 君のsongが好きそう☺,,手に入らないこと わかってても,,do downnnnn,すれ違った呆気ない お別れの曲を,,誰が僕を わかった気になれんのかね,暮れゆく方面走って,そうやって神しばいたんだ,ほっといて,シェードの埃は延長,迷宮 担うばかり,冷静に 白黒でもない,跡が消えないのに
会って「ごめん。」って返さないでね,,届かないのなら ボタン押して消去しよう,どう思われるか気にしてばかりだ,,,物語るために罵るね,容易い笑みじゃ 纏めきれぬほどに,食べてやる　絶対　忘れないように,いつか　忘れさせてよ,安心感を汚したって　もうっ,まだ此処には　たぶん　いるみたい？,どれだけ単純でも 遠回して伝えるから,痛く見えてるほど なりたい自分で強がれるんだ,泳ぐ必要も 傷も無いのに何故か,,忘れてしまうようなお別れの前に,,話ボヤかすことも　慣れたら,ぁ～勿体ぶっていいから 子のまんま,もしこの世の歌を 書き終えても,脳みそ達止められない 操れない僕に,お喋りして　噴水の周りで　みんな踊ってる　やだ,何十年か経った今も　探してんのは,君のこと　最後まで知りたいよ,転回を嫌い、荒れ果てたこの世を,偽りで出会えた　撓る枝分かれよ,守ってたいなんて　一切合切　自我の煩悩で,不手際な暮らし関係　怯まず齧ってく,,全クリさせたいわ,確かに　きっと不確かに,幸せを壊し合ってゆくことにどう,,最高な状態にも油断禁物レイラー,発散できるファッション 探してる,在り来りだろうけど,ぁぁ何してんだろう 暇は敵だなぁぁ,叫びたい気持ちを　恥じらって,想いが頷かないように,エメラルドグリーンの　粒ら光らせて,,木を　ねぇどうしたいんだ,君に会えた　それだけで　もう,脊髄反射の涙腺は　濁った声で歌えば感謝です,Though I’m washed up 未だ足りない,曖昧はもう十分です　ねぇ傷いてる,柄にないことばかり たらたら溢して,希望だと捉えても　ぐさり,,今もまだ 思い返します,まだ起き上がれない,夜は情け 肺が鳴け 拝,失って気づくの寒いじゃんか,,解いた凝り素早く手放せ 頑張ろ,,熱を帯びた言葉たちが,クリームで会いにいけますか,信じたいものを
形のない言葉は いらないから,なんで？隣にいなくても いいよ いいの いいよ,揃わない記憶を全部 解答したって不安を増すんだ,会わなきゃ 会って聞かなきゃ,ひとりぼっちと1匹で何かが変えられるかな,お洒落な言葉でいいから,変なところ 正直だって,ただ はしゃいだって 譲り合って さよならさ,いつかの涙とか　不正解だとか　矛盾論理から,,割り切りたいよ,走らないで　怯えないで　転げそうな,君が どうかなのかを 教えて欲しいから,気にしてばかりで 巡り会いも失いたくない,覚えた息継ぎをして,みんながスッキリできるなら,,そもそも 住む世界が違うな,何も感じられなくなるのかな,ヤンキーヤンキーだ 現状維持の無敵め,あなたに振り向いて欲しい 最後の歌～,期待したいんだ,,あったかく流れる　脈拍きみのだ,硬い心も　鋭い爪も,(ねぇどうしたい),導かれ,控えめになって　心をポイ捨てしても,,朝から胃もたれしてく,言い返せるかも,すぐ乱れていった,折り合いをつけていけばいいんだろう,さりげないくらいに執着して,助けてくれるナンバー,,僕には　君を思い返す日々で過ごしていける？,経験値 シフト出し,歌うのは　僕のキルト,肝心なとこで冷たいから,あなたの帰りを　いつまでも,もちろん引き下がりはしないですが,自由は　強打,生きてもいいような　気がして,,Throwin’ lyrics like expired canned food stuff,全細胞に込めたけど　引き摺るんだよ,こんな僕をまた 笑ってくれたらいいのに,生ぬるい風＝傷口によい風,誰からも　邪魔されない,我侭な合言葉 '',どうか 既存な不安と眠らせて,,お守りみたいな,一枚の羽天使は見当たらない,木枯らし吹け,平然ぶって 砕けてく ぬるい記録,やんちゃする,何者でもない クリーミー鎖,選んだっていいでしょ
,って台詞を交わしたって,そんなメモリだけ 名前があるだけ,目を逸らしたがるのずっと気づいてたよ,離れ離れに気づく刹那があるなら,少しでも触れられた瞬間 憧れで終われない,そっちの方が楽だから,出遅れた言葉 誓って,救えるように　なるまで,君のかかえる全てを　僕にしまってよ,能動的な方程式を保ってられんよ,病みに酔い痴れて　やっと立ち上がろ,どれだけ複雑でも 辿り着いてしまうから,こんなこと 云いたいわけじゃないのに,先に溺れるよ それで消し切れるなら,それはそれでよかった　逃れらんないよ,どーしよっかね,冗談だよ 口癖の,誰にも効かナイで　相手にしナイで,うおおおおお,誰かのまつげと 草臥れたリスケ,切り刻まれ この皮膚に従うほど,,おでこに感じてた記憶　儚い人生かも,君を想うと　どうしたらいい,見過ごせない僕がいい,,きっと違うけど,,明るさの掛け違いは,コンクリートの色違いを見つけて,報われた　大袈裟なくらいじゃ,語らいたい,ろんりねす。多いのです。,選ぶ権利もあります,どんな名言も 響かない僕から,もう居ないのに　惹かれ合うのに,気遣って書いた言葉じゃさ,,もっと、釣られて踊れるように,,好きになってはもらいたいし,,繰返し笑い合うんだ　居たくなる旅,試したいわ　あたたかくて,Average kid got too big， I’m toast,曖昧なのは自分だって　わかってる,,こんな目に見えない絆創膏,唯一唯一　集中すると自然なバリア,口ずさむなんて もう嘘じゃない,気づいて傷つけてよ,段々スタンスが雑,ごく僅かな共通点の,今日は弱って撫でる力しかなかった,安心なんて一時的な諸行 一過性,涙を凍らせて 笑うんだ 嗚呼,,創造に まるばつ なんてない,導かれるままに
縋って 叫んで 朝はない,意味ないことも わかってる わかってる,目を逸らしたら 錆びてしまうけれど,,行けるところまで 真夜中を散歩してさ,色のない輝きを追うばかり,鍵閉め忘れたみたいに君失っても,冷めた皮膚だけ継ぎ足して,,運も時空も　もう要らないんだよ,近づきたくて　でも冷静でいるんだ,ワニになって　朱鷺になって,私は平気だよって わかって欲しいから,こんな自分に負けたくないのに,どこまでも ただ 遠くへ,太ったのバレちゃうかなって,全てプラス思考で,間違えた ふりして笑おう,どうか　飽きナイ程度でいてよ～,,夜は長くて 酔うのに必死ね,無敵になれた,,でも精一杯で　私ら切ないね　だから失敗したくて,,(ほっときな),大したもんじゃない　無駄なもんじゃない,学んでしまった　気づいてしまった,,やめな　やめきれないわ,はゔぁ,ありのまま　惨めな解放だ,,自分次第で生きていたいけど,身近ぬ感謝　愛してる連鎖,何も生まれは しないけど,一瞬の夏だったよ,「誰にも会えないもんね」,幾何学模様を　辿って歩く,想いが躓いた好意に,向こうに何があるっていうんだろう,心意気やんちゃで危なっかしいけど,君の吸い込んだ空気で,,絶体絶命な　夜は気持ちい,Litter the internet with bitter sentiment and move the goal post,慣れない皮膚で叫ぶ,パジャマ姿で 始まった共感会議,になりたいし味方でいたい,たわいないやりとりに救われたよ,嘘じゃない 一瞬の煌めきじゃなくて,,ダンスダンス ステップ複雑,端くれどこに忘れたの,明るい廃墟にしたくて,いい加減です,平然ぶって 踊ってみる 容赦なく,都市伝説的に いずれ解る,クリームで会いにいけますか,
笑って 転んで 情けない,わかってるから 繋ぎ止めてよ,遮る無駄な思考回路も 傷になって触れたくて,いびつでもいい 今日も照らし続けるよ,時間が僕らを何者でも無くしてくれる,探ってしまう歌が 君には届きませんように,もう何も悟れないよ,生かされてた 浅い声の正義であるように,もう　勘が冴えて悔しいわ,空気みたいな色をしようと　僕にはわかった,途切れてしまう前に素直でよかった,蟹になって　灰になってさ,どれだけ単純でも 遠回して伝えるから,もう どうだってよくなってしまう前に,綺麗事 言うよ 価値を値付けたまま,胸の鼓動　抑え　照れる私に,歌い出してね,どうにもならない,大人しくなる　君に興味があると,ファンキーな直感で,,,,相当無限に想えるように,なさけないけど　隠したけど,応えれば堪えるほど,視野は脳裏を　寛大にしていくように,備えられた孤独が　こんなに尊いならば,,だめかな　根性なしかな,,辛いより　もっと辛いより,繰り返す　同じ情景　同じ季節だけど,どうも,矛盾絡まんじゃ　ぴしある検査,目に見える世界が 全てじゃないって,これ以上求めた贅沢な　悲しみは,なんていつになったら治まる？,同じ所で　たどり着いた,正直なほど、遠ざかるわ,見たくはないのに　深まる私のストーリー,確信に疑えてる,消えてしまいそうです,,平凡な生活　ゆめみたけど,ぐずぐず おセンチな マイナス思考だ,君じゃなきゃだめなんだよ,髪振り乱して 半乾き水しぶき,,落ち着くインパクトノイジーだな,あまりにも重大で盲目 臆病な風は,おかえりって言い合える標準な,乱雑に 刻み込まれてしまった,,庭園の白は薄明の空へと続き,,息が痛く鳴る 君のせいだよ,形なき秤,今なら会いにいけますか,住みついた天使は 痛みの鎧
誰のせいでも ないこと,don’t stop脳裏上に 置いていたクラッカー打ち鳴らして笑おう,言えるかな,最後に気づいてもらえなくても,,小さな船流れ出す ただ力の抜けた光る方へ,笑って,,無意識に運べたら楽だろうな,気づいたときには　幻なんだよ,,完璧が　つまらぬようにさ,君が どうかなのかを 教えて欲しいから,覚悟を決めたかった,おいでって おいでって おいでって なんで,優しくLAST SMILE,耳障りだって,きみが 空気が 僕のパワーが,みんな言えナイだけだから～あ、aaa..,今日の歌だって 変わってゆくなら,もっと 仕草に揺れて 抑えきれないほどに,こわいよ,,,君の手を　繋いで歩きたいよ,(ねぇどうして),ずっと　もうずっと　茶化されようが,疑う必要はない　信じてる必要もない,,昼から米を研いどく,この世でも　馴染めるのかな,すぐ堕ちていった,予め備えた　一粒が　間違いだろうと　例外を,褒められるより　面白がって,yea謝謝イ尓生下我,わかりたかっただけ,何処へゆくの,偽ったって消えないんだもう,余った袖を　引き止めてる,暗い愛　謎めいた君への,振り返る　間もないスピードで　歩いてゆく,それは夢のspace tune～///,未完成で　低姿勢で　気持ち任せです,,先手必勝が　気持ちいいな,Nobody’s coming and still I’m crying “Red Rover”,,明日は早起き ゴミ出しプラの日,ああ　いつしか優しい言葉じゃ　効かない,,温くて 腐りそうです,日常を描くけど,段々スタンスが雑,不安定構造エンドレス,野原がテクノに揺れている,皆が いいと思う曲や歌が 響かない,,安心させて 緊張させて,,いいから 願ったら 洗われる気がした
誰かのせいに したくて,ぼんやりと月を透かしてみたり,,木星も 月も 突き抜けなきゃ,雲丹と栗 柿と梨 たけのこご飯,,,なんども話そうと なんども瞑ろうとしても,淡々と笑えないわ　取り繕ってしまうわ,それでも　ずっと　ここにいるんだよ,紛らわして紛らわして　距離を取るほど,,,,明日にはもう 忘れてしまうのに,いつの日か good-bye　いえい,気付けないくらいに必死こいて笑い逃げる,消えないことは もう 知ってるよ,,そんな理由で 飛び込んでみたいけど,リズムがなきゃ 話も味っけない,何も感じない 苦しみを 探し求め,,この爆弾みたいな球体に　暮らし始めて,壊れていく　この世界でいつでも,無気力な僕には戻れない,折れない砂の罠,連鎖よ続け,,つまんないとでもどうとでもいってくれ,舌の色味が　赤くなるようだ,抱きしめて　喚いて,経験と　変わらずに　進んでゆく　流れてゆく,いい時間に　傷ついてしまおう,でもニキビ殺したい,,,,君といる今日が　ずっと,フロア　照らす頬色,堪えた愛ラビュ,,乱暴に手を振った　気配に負けそうです,,,(What?),ずっと曖昧なフレーズで,うるさいアラームをセットしてgn…☽,リハビリしたけどさ,適当ラリー　やりとりが,,泣きたい夜があるならそっと,ダンスダンス ステップ複雑,手に入れば雑に扱って,,弱る夜を肯定して,シェードの誇りは戦場,奇妙な今世,全てを 良く思えなくていい,眠りにつくまで 歩いてく
「僕って いるのかな？」,タイミングをずらしてみたり,言い切れること 1つもいらないよ,叶わぬ声も触れられないもん,当てはまる必要なんて無くていいんだ,,犠牲にしたって本心だけ,途端に真っ白くなって,いつも　ゲラゲラゲラ　道を塞ぐ民よ,信じているよ　信じさせてよ,一方的を貫くなら,薄暗い夏よ、どうか　この目に寄りかかる,ずっと追いかけた 懐かしい匂いだけ,失って気づく後悔くらい,,機嫌　悪いふりした,態と割と意識的にひとりでいたいんだよ,,誰かの期待に応える必要ナイの,ただ泣きたくて、図っといて、,ミラーボール怖がって アコギ持ち替えたら,我に帰ってく,,何十年か経った今も　探してんのは,君といたいよ　どうしたらいい,駆け引きを続けて,,,,何もない　何も持ってないわ,水代わり　ミルクを飲んで,鳴いたりはしなくなっても,そう落ち着かせていいよ,,ﾀｯ我想殺死粉刺,どうでもいいから 置いてった,君の普段着　畳む途端に,でもやっぱ 期待しないし,奇跡みたいで　叫んだ,届かない手、,引き止めたくって　もう少し..,君がいなきゃ　はじまんない,君のSOSは　僕のものって　思い込んだ夏,,ただ穏やかでいたい,Not every line hits,歪んだ距離も,,ただ　心配かけないよう,唯一の居場所感で,量産的＝敵対,隣に居させて教えてよいつでも,ただ惨めだけが 夜を庇った,わざと居なくなってみたり,,その手 時には借りてみたいけど,まだ見てしまう,,自ら不可思議 見つけたっていいんだ,何度も 同じこと 守るから
本当は わかってるんだ,孤独に愛されて夜が明けるまで,偽物さえも その見解も 誰が決めることでもないよ,少しだけ あなたの住む世界,雲丹と栗 雨宿り 香ばしい木の実,,誰もわからず乏しい罠,途端に伝えすぎちゃうね,感謝の言葉しか出てこないよ,歌うたびに逢えるの,触れたい＝凌ぎたい＝口にはしない,弱さ奪ってよ　少しだけ　浅はかな体温には,包まっても 嫌になるけど,失う前から気づいてた,何が抗うの 何を憎めるの,,,あぁ、なんか わからなくなりました,盛られた噂に白目　向けたらイイの,集めちゃった感情参考書です。,ねぇ、見届けて 欲しがりでも,ひたすら 噛み締めた 恨みは,,あったかく流れる　脈拍きみのだ,どうにもならないけど,,可能性が　見逃せるならば,全然取れやしない,,だめかな　先に休んどくね.。oOZZXX,育てられたら　君と同じさ,静かな波だわ,,さりげないくらいに執着して,ﾀｯ我要吃譚担面,あいつら全員同窓会,片付いた理屈の中で　吸って吐いて,手順も受け答えも,,誰を向いてるの？,わたしだって　恋したい　あなたに,繋ぐぜ　笑っとく,,,誰にも迷惑かけたくはないと思うが,Moments of “I miss…”,普段の“おはよう”だけで日常,笑われたって凹むけど,顔文字で笑っていよう,仲良しこよしなんて,お気遣いなら要らないのすけの,,,かくれんぼもたまには大事だと思う,,けれど いらない,瞬間的に覚えてしまう 血飛沫,皮膚を引っ張って順応して,グレーな選択も あるけれど,
見放されても 信じてしまうよ,,勝ち負けが白黒が人間が,まわりまわって近づけたときは,不器用な優しさが僕は好きさ,,分類したって自尊心はもう,今は単純に散々に願うのさ 傲慢でも精一杯の,後戻りは　しなくていいの,,散々　確信しているから,消えぬ意思が宿ってしまうよ,少しだけ 不安だと,もう わかり合える 根本じゃなく,預けないでいてよ,でも　引き止めらんない,どーしよっかね,自分って誰 あれ 何故なれないの,優勝候補に毎回　当たるからには,お勉強しといてよ 解いといてよ,,くだらんか？ ううん,,おでこに感じてた記憶　儚い人生かも,,錆び付いた硝子で,可能性を　諦められないから,やつが暗く黒く　塗り潰したとしても,,,,,,ろんりねす。いいのです。,,ステンバイミー 自然体に,だって大丈夫だって,生き急いでも しょうがないね,忘れたくない　一瞬の声,わかっても辛いや,,どんな逆境だって煮詰まった,巻き込めないよ　回り込めない夜更けは,,戦わないと　撫でてもらえない,Being nobody cuz nobody owns kindness,二人を猫が見守る　思わず微笑む,媚び売れないけど,泣いてんの,馴れ合いサーブでしょ,コソ練無問題,,皆が寝静まれば 僕の出番来る…,自分を守る念力,,,はみ出したらまた無事シャットダウン,“わたしだけ はかってたよ”,クリームな真ん中が,ぶっきらぼうなままでいいよ
,「おめでとう」って言って返ってはこないなら,人間じゃないかなんてもう 正しさは無くて,あなたが 最初に 私を見つけて ほしい,,,薄暗い朝に委ねるだけ,「うんうん。」って君と僕で,今のところは　帰って眠るだけ,何故だろう　見えないものばかり,話さないよ　離せないよ,,心地よくなる安心も 嫌なんだけど,先手で理解できる,,,全てプラス思考で,降らす 張っ苦 胸が堕悪,負け方くらいは　テンポよくありたいわ　！,,あたしのこと知らないで 因果応報叱らないで,,,でも精一杯で　私ら切ないね　だから心配したくて,一言目はきっと　久しぶり,緊張を解いて,未だ,決して奪われない,,まだ夕暮れか　半分が染まった,生きてて欲しいじゃん,どんな自堕落も　乗りこなせる,,自分次第で生きていたいけど,STANDBY調整,シャイな空騒ぎ,終わりが近いと　仲良くなれたし,勝ち負け業務 折り合いつけるまでは,君が靡く　僕は願う,,知らないままで　痛いけど,頑固な　僕だって,眉唾の眼で張り裂けそう　弱いんだよ,,単純明快でした,Should let myself,みたいな　愛おしき観戦,特別な未来を 期待はしない死,それは誰にでもあんだよ,適当ラリー　気が短いやつと,始まぁんない,,“葬 皆が寝静まれば 僕の出番来る”,ばかり強くなるけど,,論理無いと 夢は苦さを増して,仕事だからやるけど自分で,舞い上がったどの瞬間も,今はしっくり来てる,形があるだけでえらいよ
このまま 奪って 隠して 忘れたい,言わないでよ 祝わないでよ もう,儚い傷も抱きしめよう 目を瞑ろう,なんて言えないけど,うにぐり おにぎり うにぐり,,時々たまに従うまま,喋ったね、夢の話で,,僕らは信じてしまうけど,見つめ合う時　僕でいられるなら,恥ずかしい夜に飛んでった僕は,誰に話しても これからのことばかり,どうにでも 些細な単純使命 果たせる,泳ぐ必要も 傷も無いのに何故か,,歌い出してね,強がり 群がり 口走り 空回り,何もかも全部　受け継がなくてもイイの,私を少しでも 想う弱さが,あたしのこと知らないで 因果応報叱らないで,助かれ..,,そっと無限に想えるように,それしか言えない　それすら出てこない,一か八かで,,インスタントな世界でも,,今日は少しだけ長めに　お風呂に入ろ,回数じゃないじゃん,しっかり真面目に　苦しんだけど,,どうも,稲妻のレンジ叩け,ねばった戦績 飛んでった,桃鉄勝って　君が寝落ちして,甘い甘い散らかって 掃いて 最後笑っていいから,今はまだ　このままで,ほしいものを　手に入れても,ネオンな　ジャングルの向こう,めんどくさい☆諦め悪いみたい,無理に笑うように変わった　あの日から,,,slack OFF みんなの前で,数えるのは　楽しいことだけ,Tシャツも しわくちゃ,,つるまないでね,正正堂堂 前言撤回,,,,,夢で会おう？なんてことは まやかし,楽に考える方が不安定？,“冗談なんて一つもない”,考えを保湿してみる,君がなるべく 絶望しないよう
このまま 奪って 隠して 忘れたい,切り出せない5文字は飾っておくよ,今日を終わらせるために,,,,シナリオ通りに暮らしてゆくなら,くすぐったい笑みで今は全て,知られたくは　ないけど,君からもらった　いくつもの,足りない＝繋ぎたい＝全て成らない　方が,まだ此処には　たぶん　いるみたい？,大切にしていたいけど,ぶった多数に 右往左往 素振りしてる,覚えた息継ぎをして,,耳障りだって,僕なりに演じてるよ,何を優先に　大切にできたらイイの,君を苦しめていますように,あたしのこと識らないで 因果応報叱らないで,,,,意気込むことはないけれど,呼吸　知る,正しくなれない　君が僕をみた,触れなくても　此処にある,,夕暮れが　青くなる前に,寂しくなるでしょう,割り切ったり　でも求めたり,,褒められるより　面白がって,ちょっと絶対,なりたい自分に 絡まる電柱,自分の好き＜君の好き,黙ってな 鈍い僕に合う情緒 選びたいから,不揃いのサビ　繋ぐ花火,今日着たい服は　ひとつもない,子供みたいな　大人みたいな,まだ重々謙遜したい yey,気づいてたのに,,うざいくらい　叫んだって喰らったって,Might go back to being unknown. Know what?,攻略も作戦もいらない,淡い残り香 胸に刻め 流さないように⚠,,理由なんてわかってるけど,偏見うざい じゃあ＝邪,,冴えないリズムで 踊り明かすからね,人類なんだしー 自由自在のはずが,,でもそれは 僕の生存戦略なんだよ,おとなしく 大人らしくしたけど,,,選択だけ 繰り返す
,,,まだ起きてる？今日は誰をみているの,,,悩み方も何も知り得ずに頷くだけ,,知ってほしいよ　なんて言えたら,幻想が　運命が　刹那声が,仲良しだね、よかった,走らないで　怯えないで　転げそうな,すぐ比べ合う 周りが どうとかじゃ無くて,もう 自分が 見っともなくても,先に溺れるよ 指で消し切れるなら,,気付けないくらいに必死こいて笑いあげる,ひとりぼっちが叫んでるよ,優勝候補に毎回　当たるからには,それすらも しょうがないって思えるほど,私のこと嫌わないで,怖がることを金輪際,,,生きていけるよ　君をさがして,,片っっ端から確かめたくて,,,今日を少しだけ　良い気分にさせたくて,大きくって小さな　幅,続ける範囲内じゃ　壊せない,,いい時間に　傷ついてしまおう,しがみつく恐れなし,ぼーっとして 没頭して,が何よりも大事で,,言いたい言葉　走って,深夜のノリで　久しぶり,夜に　走り回りたい,止まらないよ心臓　揺るがないんだ,時空は　遠に先走ってゆくよ　僕の前を,,譲れない日々よ　栄養になってまた　汚しあえ,Fine,君のぬくもりが不法侵入,負けて嬉しい 花一匁,,謝らないでしょ？,体現して ぶち壊すんだよ,,海馬まで 灰だらけ,お利口な素振りで 味がしない,,孤独じゃなきゃ眠れない 眠れない,人目は気にしない。話して 放て,言えなかった言葉の方が,信用の要点を分析,
このまま 奪って 隠して 話したい,なんで？隣にいなくても いいよ いいよ,きっと水でさえ この熱でさえ,何の為に私 照らしてるの？,,,ビリビリに破り始めるだけ 今なら,まだ 聞こえないで 終わらないで,勘が冴えちゃう日は　叫んでしまう,言葉にならない僕を　生かしてくれてた,,闇に酔い痴れて　やっと立ち上がろ,今 隣にいたいんだ,素直に取り出した言葉 言いたいのに,どこまでも ただ 遠くへ,,態と割と意識的にひとりでいたいんだと,ねえ 気付いてた 知らなかったよ,負け方くらい　こっちが決めさせてもらうわ。,同じくらい 浸ってくれていますように,,迷いに負けるなら,,,,錆び付いた勘ぐれい,考え続けたい,叶っていたいも　勝っていたいも,,とことん沈む僕は唯一,抱えるのも人生？,声を発するまで　精一杯で,,受け入れてしまおう,弾劾想定,身勝手な僕でいい,同じ気持ちって,,叫びたい気持ちを　恥じらって,茶化さないで　ずっと色褪せないや,エメラルドグリーンの　粒ら光らせて,,,,残機わかんなくて　上がんなくて,In the grand scheme， man dreams， never needing sleep aid,ってライムにのせて　祈るしかなくて,寂しさに強い処方箋 欲しいよ,,,,,誰が僕を わかった気になれんのかね,心配せんよ 動悸が加速する,,,,ずっと根っこに宿るけれど,オリジン足りない真ん中のホール,棲みついた天使は 痛みの鎧
分かり合う○ 1つもなくても,いいよ いいよって言わせないでよ,感じていないのなら 使い切って声に出そう,太陽も 月も 突き抜けなきゃ,,,,抱きしめたいように,いえい　いえい　いえい　イエイ,嘘みたいに　溢れてくよ　見つけたよ,悲しいたましい　晒しあえるとき,ワニになって　朱鷺になって,,,綺麗事 言うよ 価値を値付けたまま,,思われるように,どこに居ても 答えなど無いな,,私を少しでも 想う強さが,もっと 仕草に揺れて 抑えきれないほどに,頭でっか血 ずっとうんと砕いてもっと,,,,緊張を解いて,偽りで出会えた　僕らは何一つも,時間の翻弄で,,いつも味方だから　今日で終わらせる,深呼吸して今,始められない,,,くたばるな果てな無視,どうでもいいから 置いてった,気づいちゃダメみたいな,,思い出せる　僕を着ると,必死なこころで　揺れる世界を,あなたの帰りを　いつまでも,とろけそうな月の狭間　毒だ,ねぇどうしたいんだ,,脊髄反射の涙腺は　濁った声で歌えば感謝です,“しょっぱい夢” さよなら,,柄にないことばかり たらたら溢して,,do downnnnn,わかってる わかってる,,夜は情け 肺が鳴け,ルールは 終わりを告げるものでしょ,,,誰かが喜んでいる ぬるい記録,今なら明かせちゃうかな,気づけば受け身になってんじゃん,いいから 願ったら 現れる気がした
会って「ごめん。」って返さないでね,台詞なのにばかみたい ただ走って 今は走ってるけど,通えない記憶を全部 冷凍したって形に残るんだ,叶わぬ声も触れられないもん,,,毎度 決まった縁を,小さくなった声に 嘘がないように,誰もいない遠くで　面と向かって,,新しいはなし　交わしあえるとき,蟹になって　粉になってさ,,嫌われたくない会話から,おいでって おいでって おいでって なんで,,,,,君を悩ませていますように,リズムが泣きゃ 話も味っけない,乱してあげて,,,,一か八かで,,目指してた果てに　行き着いた先,,,息してるうちなら,,,,なんだかんだ,あいつら全員同窓会,さよなら　ばっか　だよ,,,抱えきれなくて　君に尋ねたんだ,待っている,甘酸っぱい絆を恐れてしまうような,今日が　何度目の季節だった,,,会えてよかった,この距離感を一体　どう受け取っていい？,早起きの夜も 頑張りすぎは良くないので,,,手は冷たくて,,冴えないイズムで 踊り負かすからね,,,,涙を凍らせて 笑うんだ 嗚呼,わたしから,怖がるくせに批判してる,人の形して 歩いてく
「疑うだけの 僕をどうして？」,意味ないことも わかってる わかってる,こんな気持ちだけ 名前があるだけ,少しだけ あなたの住む世界,,,なぞってゆくのこわいよ,ただ はシャイいだって 笑いあって さよなら差？,遺影　遺詠　遺影　遺詠　遺影　遺詠　遺影　死体,,悲しいたましい　晒しあえるとき,いつの日か忘れてしまうのさ　ラララ～,,ほっとけない 疑問の全部 どうしても,明日にはもう 逃れてしまうのに,,啖呵切って　寝るふりして,今更,,答えを犠牲にしたって 傷つけたって,ミラーボール怖がって アコギ持ち替えたら,奇想天外止められない 操れない僕に,,,,呼吸　聞く,全て嫌われても,満たす孤独も　あるのかな,,,言い返せるかも,確かに　きっと不確かに,,,なんとかなるって言葉に救われたい,ステンバイミー 自然体に,,,,遅くにごめんね,,未開拓な世界は　矛盾で不安定で,,,言いたいことジャンケン　ご愛顧じゃ,,恥ずかしい会話とか未だ　覚えてんだよ,健康でいられますように,,,避けることが精一杯だった,,海馬まで 嗅いだだけ,心肺専用 動悸が加速する,,,平然ぶって 踊ってみる 容赦なく,魔▁▂▃▄▅▆▇▓▓,0or100の思考停止が危険,何度も 同じ鼓動 守るから
救いきれない 嘘はいらないから,わかってるから 欺いててよ,手を握るたび プログラムだってこと？,まわりまわって近づけたときは,,,繰り返すけれど,手遅れた言葉 誓って,,,新しい悲しい　交わしあえるとき,,,痛く見えてるほど なりたい自分で強がれるんだ,,,啖呵切って　練るふりして,ふれた温度 覚えてる,,しょうがないって イタいって,まだ 恥ずかしく踊れるから,期待したいんだ,,,,,奪われてないから,止まってしまって　わかりすぎたって,,,コンクリートの色違いを見つけて,すぐ乱れていった,,,許して自由になりたい,シャイな空騒ぎ,言っとけばいいのに　ばかじゃないのに,,,,,カラ元気だよ。。。。ye ye ye yey,もう吸い込んだ空気で,,まずは実感湧くまで　拵え,キラキラ,暗黙了解で精一杯　ねぇ傷つくしー,,,,虚無な理想が理想,,過去問解いて わかった気になれんのかね,ルールは終わりを告げるものでしょ,,,息が居たくなる 君のせいだよ,,断言は派手だけど浅薄,
,don’t stop脳裏上に 置いていたクラッカー打ち鳴らして笑おう,誰にも当てはまることない 基準なんていらないよ,震える声に耳澄まして,,,繰り返したいけれど,冷めた皮膚だけ継ぎ足し手,,,,,,気にしてばかりで 巡り会いも失いたくない,当てはまってても 抗っていたいよ,,啖呵切って　寝るふりして,思い出して 臆病になって,,明るいみたいだね,ずっと 浅はかです 帰りたくないけれど,切り刻まれ この皮膚に従うほど,,,,展開を嫌い、荒れ果てたこの世を,,選び変える勇気が　こんなに尊いならば,,,はゔぁ,報われた　大袈裟なくらいじゃ,,,,ねばった成績 飛んでった,在り来りだろうけど,,,あの時、妙に,,,認めてしまいそうです,,すぐ吐けなくて　呆気なくて,嫌いなんて序の口 そう思うと楽だし,たわいない日々だからこそ,,,,折り合いつけたくもないよ,,夜明けのbrain ガイアだけhigh,,,,,追いかけても 問いかけても また,エゴでもない気持ちの掟,答え合わせしなくても
ハレタ レイラ,ぼんやりと月を透かしてみたり,,気まずいくらいで返さないでよ,,,満たされていたくないだけ,生かされてた 浅い声の正義であるように,,,誰にも明かさずに超えてみたい,,,こんなこと 云いたいわけじゃないのに,今宵も水に 溶けてお休み,,啖呵切って　練るふりして,それだけを ただ 繰り返したくて,,,言わないで もう身体に鳴れない,無敵になれた,,,,(ねぇどうしたい),,疑う必要はない　騙し合う必要もない,,,WO～,ありのまま　惨めな解放だ,,,機械音痴でもリズムノリ,なりたい自分に 絡まる電柱,僕には　君を思い返す日々で過ごしていける,,,包まる君との、距離,,君がいなきゃ　はじまんない,未完成で　低姿勢で　気持ち任せです,,脊髄反射の涙腺は　萎んだ脳で歌えて感謝です,3.2.1で歪み合った,君じゃなきゃだめなんだよ,,,,,,,全身演じきってよ 全開でその程度？,,,吐き出せないまま 消えてった,迷宮 担うばかり,クリームな解釈もいいじゃん,大丈夫 君と私だけ
,タイミングをずらしてみたり,レイラサイダ サブアッタッシャル,この距離だって乗り越えられるよね,,,,,,,仮になる前に潤わせたい,,,こんな自分に負けたくないのに,罰があってても 振り向かないよ,,,どうにもならない,,ファンキーな直感で,変わってゆくから 私ねもっと,,,,,見過ごせない僕がいい,,連鎖よ続け,,,,辛いより　もっと辛いより,,,脳裏上に詰まったlonely,ぼーっとして 没頭して,もう居ないのに　惹かれ合うのに,,,想いが頷かないように,,歌うぜ GACHIフォー・ユー,乱暴に手を振った　気配に負けそうです,,,君のその口 シガレット辛口,,,,,すれ違った 始めましての曲を,,,不器用で優しいだけでは超えらんないです,,,溶けてった それでよかった,熱を帯びた言葉たちが,,有罪な 人生です
,目に見えるものが全てって思いたいのに,マラハバ マッサラーマ マダ,なんて 困らせたりしないよ,,,既製にしたって本心だけ,近づいて遠のいて 探り合ってみたんだ,,,今わかるなら問いときたい　喋ろ,,,もう どうだってよくなってしまう前に,単純に慎重に 泳いでいたいの,,啖呵切って　寝るふりして,きみが 狂気な 僕のパワーが,,今日の歌だって 変わってゆくなら,寝ぇ 見届けて 欲しがりでも zz,,,,,(ほっときな),,,,,,すぐ堕ちていった,,,誰かに気づいてもらいたい,身勝手な僕でいい,一瞬の夏だったよ,,,肝心なとこで冷たいから,,どんな逆境だってあっちゅう間だ,僕のSOSは　君のものって　思い込みたい夏,,だりいし痒いし薄っぺらい,割り切ったけど,,,,,今もまだ 思い返します,,,見栄張ってんじゃない？,,,吐き出さないまま 消えてって お願い,やんちゃする,想像に まるばつ なんてない 僕らは,全て混ざっていなくてもいい
,,レイラサイダ サブアッタッシャル,,,,誰もわからず乏しい輪奈,近づいて遠のいて わかり合ってみたンダ,,,ただ　自分になりたいの　一刻も早く,,,覚悟はできてたんだ,当てはまってても 争っていたいよ,,啖呵切って　練るふりして,消えないことは もう 知ってるよ,,損な理由で 飛び込んでみたいけど,,,,,,応えれば答えるほど,,,,,,透明で冷たくて,,,また生身で小声で叫びたい,,ありがとう,,,もっと、釣られて踊れるように,,頑固な　僕だって,,,くだらないことで笑いたかった,(知るか 汁なら drink up we’re still tough),,,,,我侭な合言葉,,,ちゃんとせい what's your pain？,,,愛す余地もなく 消えてった,,錬成に 白黒でもない,愉快で おかしいって
,,マラハバ マッサラーマ マラハバ,,,,分類したって自尊心はもう,地下着いて 問い解いて 笑いあってみタンダ,,,,,,,今宵も水に 溶けておやすみ,,啖呵切って　寝るふりして,,,ただ泣きたくて、くやしくって、,,,,,,(ねぇどうして),,,,,,見透かされてばかりだけど,,,フロアの世代　ずとまよ遠征隊,誰かを貶して 自分は真っ当,僕に残ってる　引き摺る温もり,,,想いが躓いた恋に,,めんどくさい☆諦め悪いみたい,,,賄いじゃ満たされない不安感,最低なコンプだし 最高の昆布だし,,,,,口ずさむなんて もう嘘じゃない,,,感受性を君と 練っていきたいんだよ,,,溶けてった それでよかった,都市伝説的に いずれ解る,クリームで会いにいけますか,わかってるけど
,,,,,,薄暗い朝に委ねるだけ,チカヅイテ トーノイテ 巡り合っていたんだ,,,紛らわして紛らわして　距離を取るほど,,,,泥まみれでも 信じさせてよ,,啖呵切って　練るふりして,住む世界が違えば,,集めちゃった感情参考書。,,,,,,無気力な僕には戻れない,,,,,,暖かい涙は,,,奪われない　生き残れ反正解,前後を削った 一言だけを,ずっと　まだ目の前に,,,正直なほど、遠ざかるわ,,まだ準々決勝したい yey,,,暴れるのは疲れる　でも侮れない,揃ってるだけじゃつまらんし,,,,,嘘じゃない 一瞬の煌めきじゃなくて,,,,,,愛す余地もなく 消えてってお願い,形なき二人,何者でもない クリーミーさ,
,,,,,,解き怒気たまに従うまま,,,,一方的を貫くなら,,,,異なる自分を愛していたいの,,,会えないの？ 何処に居ても,,お勉強しといてよ 解いといてよ,,,,,,駆け引きを続けて,,,,,,楽しめてゆくから,,,,集団攻撃 小さな誤解が命取り,,,,くらい合い　謎めいた君への,,染まらないよ心臓　揺るがないんだ,,,傷にはセッションで絶頂で健康で,繋いだって綻ぶし しょっぱいな鰹節,,,,,幻じゃ容易い表現,,,,,,,安心させて 緊張させて,混ざり合って気づけた チューブ,
,,,,,,無難に無害に暗してゆくなら,チカヅイテ トーノイテ サングリアッテミタンダ,,,,,,,,,どーしよっCAね,伝えられたら 変わったかな,,,,,,,,,,,,,,,,,路上ファンニー,あんたは 僕の何なんだ,,,,フローは　照らす頬色,,,,,きもちいな,もっと甘えたいけどー？,,,,,我侭な合言葉 'さよなら' は言わないで,,,解き明かせないもの 恐れないでいて,,,,奇妙な本音,クリームでも会いにいけますか？,
,,,,,,笑い方も何も知り得ずに頷くだけ,チカヅイテ トーノイテ ワカリアッテミタンダ,,,紛らわして紛らわして　距離を取るほど,,,,,,,ひとりで平気だけど 太陽はあかるいけど,,不安定なこと 選んで,,,,,,ぼんぼんぼらんぼんぼん,,,,,,,,,STANDBY調整,そんなやつに 心引き裂かれたんだ,,,,偶然じゃないって、,,,,,,,,,,,気にしないでね まだぼやいてる 誤魔化し効かない,,,読み取れますかね？みつけて,,,,,今なら会いにいけますか？,
,,,,,,ビリビリに破り始めるだけ,チカヅイテ トーノイ十 ワライアッテミタンダ,,,一方的を貫くなら,,,,,,,きみの足跡は 消えないよ,,今日の歌だって 変わってゆくなら,,,,,,,,,,,,,,,稲妻のレンジ叩け,想像は 想像でしかないし,,,,解き明かせる脳,,,,,,ぶらーーんぶらーーん,,,,,君じゃないなら つまらない未来 それしか言えない,,,管を巻く,,,,微熱 望むまま,,
,,,,,,逸らせない光を選ぶだけ 今なら,チカヅイテ 十ー退イテ 巡り合ってみたんだ,,,触れたい＝凌ぎたい＝口にはしない,,,,,,,,,お互いにとっても 素敵なことなの？,,,,,,,,,,,,,,,ちょっと絶対,粘り強いけれど 打たれ弱いし,,,,一方的な想いを,,,,,,,,,,,,,,近づくほど 敵である,,,,,,
,,,,,,,,,,散々　確信しているから,,,,,,,,,今はこれしか、聞けなくて、。,,,,,,,,,,,,,,,しがみつく恐れなし,心臓を 競走する前に,,,,,,,,,,出だしの荒削り衝動 ここにある,,,,,,,,すれ違っても強がりルーザー,,,,っ魔,,
,,,,,,犠牲にしたって本心だけ,,,,話さないよ　離せないよ,,,,,,,,,集めちゃった感情参考書です。,,,,,,,,,,,,,,,弾劾想定,,,,,,,,,,,学んでるようで 学んでない声してる,,,,,,,,誤解ばかり無邪気なアンサー,,,,,,
,,,,,,,,,,見つめ合う時　僕でいられるなら,,,,,,,,,お勉強しといてよ 問い説いてよ？,,,,,,,,,,,,,,,くたばるな果てな無視,どうでもいいから 置いてった,,,,,,,,,,期限切れ らいか ろんりねす 受け入れるよ,,,,,,,,悪気が無いのが一番ずるいじゃん,,,,,,
,,,,,,,,,,足りない＝繋ぎたい＝言葉にしちゃう　から,,,,,,,,,,,,,,,,,,,,,,,,なんだかんだ,そうでもないから 飛んでった,,,,,,,,,,素顔を君に送りたいけど,,,,,,,,壮絶な勘違いでいたいじゃん,,,,,,
,,,,,,,,,,ありがと、で良かった,,,,,,,,,BE BE BE BE BE 勉,,,,,,,,,,,,,,,なんとかなるって言葉に救われたい,,,,,,,,,,,飽きられてしまうから 糧にする,,,,,,,,逃げても 暇だし 戦いましょう,,,,,,
,,,,,,,,,,,,,,,,,,,,,,,,,,,,,,,,,,許して自由になりたい,どうでもいいから 置いてった,,,,,,,,,,ヤミー(闇)エネルギーは いつも助かってるんだよ,,,,,,,,,,,,,,
,,,,,,,,,,,,,,,,,,,,,,,,,,,,,,,,,,,あいつら全員同窓会,,,,,,,,,,,,,,,,,,全身演じきってよ 全開でその程度？,,,,,,
,,,,,,,,,,,,,,,,,,,,,,,,,,,,,,,,,,,ステンバイミー 自然体に,,,,,,,,,,綺羅綺羅,,,,,,,,不器用で優しいだけでは超えらんないです,,,,,,
,,,,,,,,,,,,,,,,,,,,,,,,,,,,,,,,,,,シャイな空騒ぎ,,,,,,,,,,羅鬼羅鬼,,,,,,,,見栄張ってんじゃない？,,,,,,
,,,,,,,,,,,,,,,,,,,,,,,,,,,,,,,,,,,ねばった戦績 飛んでった,,,,,,,,,,きらーーいなんて序の口 そう思うと楽だし,,,,,,,,ちゃんとせい what's your pain？,,,,,,
,,,,,,,,,,,,,,,,,,,,,,,,,,,,,,,,,,,なりたい自分に 絡まる電柱,,,,,,,,,,3.2.1で歪み会った,,,,,,,,感情ない時こそ 問い質すんだよ,,,,,,
,,,,,,,,,,,,,,,,,,,,,,,,,,,,,,,,,,,ぼーっとして 没頭して,,,,,,,,,,きみーーのその口 シガレット辛口,,,,,,,,,,,,,,
,,,,,,,,,,,,,,,,,,,,,,,,,,,,,,,,,,,身勝手な僕でいい,,,,,,,,,,割り切ったけど,,,,,,,,〈萎えるぜ全方位 急にだるいよ〉,,,,,,
,,,,,,,,,,,,,,,,,,,,,,,,,,,,,,,,,,,どうでもいいから 置いてった,,,,,,,,,,(知るか 知るなら drink up we’re still tough),,,,,,,,何もやってない癖に,,,,,,
,,,,,,,,,,,,,,,,,,,,,,,,,,,,,,,,,,,あいつら全員同窓会,,,,,,,,,,いつだって研修生  価値が小惑星,,,,,,,,言い訳ばっか口にするなよ,,,,,,
,,,,,,,,,,,,,,,,,,,,,,,,,,,,,,,,,,,ステンバイミー 自然体に,,,,,,,,,,乗りこなす必要もないし,,,,,,,,〈信じたいよ 待ち伏せたいよ〉,,,,,,
,,,,,,,,,,,,,,,,,,,,,,,,,,,,,,,,,,,シャイな空騒ぎ,,,,,,,,,,君と共感勝ち 噛めば音の だち,,,,,,,,お帰りってお参りしては,,,,,,
,,,,,,,,,,,,,,,,,,,,,,,,,,,,,,,,,,,ねばった成績 飛んでった,,,,,,,,,,もっと甘えたいけどーー？,,,,,,,,疲れ果てて眠りたい,,,,,,
,,,,,,,,,,,,,,,,,,,,,,,,,,,,,,,,,,,なりたい自分に 絡まる連中,,,,,,,,,,,,,,,,,,けどほっとけない事態 対駄談,,,,,,
,,,,,,,,,,,,,,,,,,,,,,,,,,,,,,,,,,,ぼーっとして 没頭して,,,,,,,,,,ぶらーーんぶらーーん,,,,,,,,,,,,,,
,,,,,,,,,,,,,,,,,,,,,,,,,,,,,,,,,,,身勝手な僕でいい,,,,,,,,,,,,,,,,,,,,,,,,
,,,,,,,,,,,,,,,,,,,,,,,,,,,,,,,,,,,,,,,,,,,,,,,,,,,,,,,,,,,
,,,,,,,,,,,,,,,,,,,,,,,,,,,,,,,,,,,お疲れ様です 風邪気味です,,,,,,,,,,,,,,,,,,,,,,,,
,,,,,,,,,,,,,,,,,,,,,,,,,,,,,,,,,,,冗談なのか 本心なのか わからなすぎ問題,,,,,,,,,,,,,,,,,,,,,,,,
,,,,,,,,,,,,,,,,,,,,,,,,,,,,,,,,,,,了解も災害も 大きらい,,,,,,,,,,,,,,,,,,,,,,,,
,,,,,,,,,,,,,,,,,,,,,,,,,,,,,,,,,,,夜道歩き 孤独に浸ったり,,,,,,,,,,,,,,,,,,,,,,,,
,,,,,,,,,,,,,,,,,,,,,,,,,,,,,,,,,,,変なパジャマの人と 目が合ったり,,,,,,,,,,,,,,,,,,,,,,,,
,,,,,,,,,,,,,,,,,,,,,,,,,,,,,,,,,,,それだけの時間を 増やしたい,,,,,,,,,,,,,,,,,,,,,,,,
,,,,,,,,,,,,,,,,,,,,,,,,,,,,,,,,,,,それでも夜道は 風邪ひくよ,,,,,,,,,,,,,,,,,,,,,,,,
,,,,,,,,,,,,,,,,,,,,,,,,,,,,,,,,,,,人のダメなとこばっか 見つけて,,,,,,,,,,,,,,,,,,,,,,,,
,,,,,,,,,,,,,,,,,,,,,,,,,,,,,,,,,,,指摘して、自分棚に上げすぎ,,,,,,,,,,,,,,,,,,,,,,,,
,,,,,,,,,,,,,,,,,,,,,,,,,,,,,,,,,,,心と体 終わってく,,,,,,,,,,,,,,,,,,,,,,,,
,,,,,,,,,,,,,,,,,,,,,,,,,,,,,,,,,,,こんな自分 そんな身分じゃない,,,,,,,,,,,,,,,,,,,,,,,,
,,,,,,,,,,,,,,,,,,,,,,,,,,,,,,,,,,,言い切れることはない 言い切れたことは,,,,,,,,,,,,,,,,,,,,,,,,
,,,,,,,,,,,,,,,,,,,,,,,,,,,,,,,,,,,自分に言い聞かせてること,,,,,,,,,,,,,,,,,,,,,,,,
,,,,,,,,,,,,,,,,,,,,,,,,,,,,,,,,,,,また笑い転げられるのさ,,,,,,,,,,,,,,,,,,,,,,,,
,,,,,,,,,,,,,,,,,,,,,,,,,,,,,,,,,,,あばらの骨が折れるまで,,,,,,,,,,,,,,,,,,,,,,,,